date_tested,family,flag_name,mean_ic_before,mean_ic_after,delta_ic,icir_before,icir_after,mean_auc_before,mean_auc_after,delta_auc,pass,notes
2026-08-24,db_regime,ENABLE_DB_REGIME_FEATURES,-0.0603,-0.0603,+0.0000,-1.0790,-1.0790,0.6331,0.6339,+0.0008,FAIL,n_tickers=126; n_below_0.50=0; IC_gate=deferred(n_obs=6<10); holdout_filtered=True; baseline_from=baseline_v1_auc.txt(full_history_no_filter)
2026-08-24,pead,ENABLE_PEAD_FEATURES,-0.0603,-0.0603,+0.0000,-1.0790,-1.0790,0.6331,0.6340,+0.0009,FAIL,n_tickers=104; n_below_0.50=0; IC_gate=deferred(n_obs=6<10); holdout_filtered=True; baseline_from=baseline_v1_auc.txt(full_history_no_filter)
2026-08-24,earnings,ENABLE_EARNINGS_CALENDAR_FEATURES,-0.0603,-0.0603,+0.0000,-1.0790,-1.0790,0.6331,0.6339,+0.0008,FAIL,n_tickers=126; n_below_0.50=0; IC_gate=deferred(n_obs=6<10); holdout_filtered=True; baseline_from=baseline_v1_auc.txt(full_history_no_filter)
2026-08-24,crosssectional,ENABLE_CROSSSECTIONAL_FEATURES,-0.0603,-0.0603,+0.0000,-1.0790,-1.0790,0.6331,0.6288,-0.0043,FAIL,n_tickers=54; n_below_0.50=6; IC_gate=deferred(n_obs=6<10); holdout_filtered=True; baseline_from=baseline_v1_auc.txt(full_history_no_filter)
2026-08-24,crosssectional,ENABLE_CROSSSECTIONAL_FEATURES,-0.0603,-0.0603,+0.0000,-1.0790,-1.0790,0.6331,0.6277,-0.0054,FAIL,n_tickers=126; n_below_0.50=0; IC_gate=deferred(n_obs=6<10); holdout_filtered=True; baseline_from=baseline_v1_auc.txt(full_history_no_filter)
2026-08-24,acceleration,ENABLE_ACCELERATION_FEATURES,-0.0603,-0.0603,+0.0000,-1.0790,-1.0790,0.6331,0.6268,-0.0063,FAIL,n_tickers=126; n_below_0.50=0; IC_gate=deferred(n_obs=6<10); holdout_filtered=True; baseline_from=baseline_v1_auc.txt(full_history_no_filter)
2026-08-24,target_refinement,ENABLE_ALPHA_TARGET,-0.0603,-0.0603,+0.0000,-1.0790,-1.0790,0.6331,0.6101,-0.0230,FAIL,n_tickers=126; n_below_0.50=2; IC_gate=deferred(n_obs=6<10); holdout_filtered=True; baseline_from=baseline_v1_auc.txt(full_history_no_filter)
2026-08-26,db_regime,ENABLE_DB_REGIME_FEATURES,DEFERRED,DEFERRED,DEFERRED,DEFERRED,DEFERRED,0.6343,0.6343,-0.0000,FAIL,SUPERSEDES 2026-08-24 row above (single-seed/apples-to-oranges; see session 17b audit); n_tickers=126; n_below_0.50=0; n_seeds=3(42/123/7); seed_std=±0.0004; IC_gate=deferred(n_obs=6<10); holdout_filtered=True; baseline_from=baseline_v1_auc_holdout.txt(3-seed,apples-to-apples); RECONSTRUCTED from gate2_full_run.log lines 7115-7188 (verified) because the live gate2_run.py crashed with UnicodeEncodeError (printing U+26A0 to a cp1252 Windows console) immediately after computing this result and before append_result() ran, so no row was ever written automatically; bug since fixed in gate2_run.py (ASCII-only console output) but not re-run since the decision was made to stop Phase 1 entirely
2026-08-26,pead,ENABLE_PEAD_FEATURES,DEFERRED,DEFERRED,DEFERRED,DEFERRED,DEFERRED,0.6343,0.6343,+0.0000,FAIL,SUPERSEDES 2026-08-24 row above; n_tickers=104; n_below_0.50=0; n_seeds=3(42/123/7); seed_std=±0.0004; IC_gate=deferred(n_obs=6<10); holdout_filtered=True; baseline_from=baseline_v1_auc_holdout.txt(3-seed,apples-to-apples); RECONSTRUCTED from gate2_full_run.log lines 13424-13497 (verified); delta is +0.0000, well within the ±0.0004 seed-to-seed noise floor — not distinguishable from baseline; same CSV-write crash as db_regime row above
2026-08-26,earnings,ENABLE_EARNINGS_CALENDAR_FEATURES,DEFERRED,DEFERRED,DEFERRED,DEFERRED,DEFERRED,0.6343,0.6343,-0.0000,FAIL,SUPERSEDES 2026-08-24 row above; n_tickers=126; n_below_0.50=0; n_seeds=3(42/123/7); seed_std=±0.0004; IC_gate=deferred(n_obs=6<10); holdout_filtered=True; baseline_from=baseline_v1_auc_holdout.txt(3-seed,apples-to-apples); RECONSTRUCTED from gate2_full_run.log lines 20716-20789 (verified); same CSV-write crash as db_regime row above
2026-08-26,crosssectional,ENABLE_CROSSSECTIONAL_FEATURES,DEFERRED,DEFERRED,DEFERRED,DEFERRED,DEFERRED,0.6343,0.6288,-0.0055,FAIL,SUPERSEDES both 2026-08-24 rows above; n_tickers=126; n_below_0.50=0; n_seeds=3(42/123/7); seed_std=±0.0011; IC_gate=deferred(n_obs=6<10); holdout_filtered=True; baseline_from=baseline_v1_auc_holdout.txt(3-seed,apples-to-apples); RECONSTRUCTED from gate2_full_run.log lines 27691-27764 (verified); delta exceeds the noise floor in the harmful direction; same CSV-write crash as db_regime row above (U+2713 this time, not U+26A0)
2026-08-26,acceleration,ENABLE_ACCELERATION_FEATURES,DEFERRED,DEFERRED,DEFERRED,DEFERRED,DEFERRED,0.6343,0.6276,-0.0067,FAIL,SUPERSEDES 2026-08-24 row above; n_tickers=126; n_below_0.50=0; n_seeds=3(42/123/7); seed_std=±0.0006; IC_gate=deferred(n_obs=6<10); holdout_filtered=True; baseline_from=baseline_v1_auc_holdout.txt(3-seed,apples-to-apples); RECONSTRUCTED from gate2_full_run.log lines 34660-34733 (verified); delta exceeds the noise floor in the harmful direction; same CSV-write crash as db_regime row above
2026-08-26,target_refinement,ENABLE_ALPHA_TARGET,DEFERRED,DEFERRED,DEFERRED,DEFERRED,DEFERRED,0.6343,0.6102,-0.0241,FAIL,SUPERSEDES 2026-08-24 row above; n_tickers=126; n_below_0.50=2; n_seeds=3(42/123/7); seed_std=±0.0002; IC_gate=deferred(n_obs=6<10); holdout_filtered=True; baseline_from=baseline_v1_auc_holdout.txt(3-seed,apples-to-apples); RECONSTRUCTED from gate2_full_run.log lines 41599-41672 (verified); worst result of all 6 families, well outside the noise floor, and the only family with tickers dropping below AUC 0.50 (n_below_0.50=2); same CSV-write crash as db_regime row above
