date,portfolio_value,benchmark_value,daily_return
2023-01-23,9985.4082,9982.9196,-0.001459
2023-01-24,9927.6384,9904.2395,-0.005785
2023-01-25,10021.6175,10019.6001,0.009466
2023-01-26,10079.9147,10109.4805,0.005817
2023-01-27,10035.4514,10060.4804,-0.004411
2023-01-30,10063.8812,10054.6004,0.002833
2023-01-31,10111.6242,10045.6399,0.004744
2023-02-01,10349.7067,10283.9222,0.023545
2023-02-02,10348.3177,10339.9229,-0.000134
2023-02-03,10234.1714,10283.9222,-0.01103
2023-02-06,10271.9028,10308.002,0.003687
2023-02-07,10266.1315,10294.0021,-0.000562
2023-02-08,10303.8155,10304.3619,0.003671
2023-02-09,10211.0447,10260.4022,-0.009004
2023-02-10,10266.9159,10324.8025,0.005472
2023-02-13,10261.026,10284.2021,-0.000574
2023-02-14,10341.9827,10370.4424,0.00789
2023-02-15,10326.7279,10353.643,-0.001475
2023-02-16,10223.2834,10238.5622,-0.010017
2023-02-17,10235.1748,10253.9614,0.001163
2023-02-20,10118.2697,10158.2009,-0.011422
2023-02-21,10107.7799,10152.8806,-0.001037
2023-02-22,10134.8173,10143.3614,0.002675
2023-02-23,10008.6549,10095.4807,-0.012448
2023-02-24,10070.6618,10151.4813,0.006195
2023-02-27,10043.5471,10114.2412,-0.002692
2023-02-28,10013.0682,10013.4402,-0.003035
2023-03-01,10049.1472,10058.8002,0.003603
2023-03-02,10203.301,10224.2814,0.01534
2023-03-03,10239.6045,10268.8019,0.003558
2023-03-06,10155.3579,10202.7213,-0.008228
2023-03-07,10171.3198,10185.641,0.001572
2023-03-08,10148.7433,10188.7214,-0.00222
2023-03-09,9967.7074,9970.8797,-0.017838
2023-03-10,9761.7719,9740.1575,-0.02066
2023-03-13,9923.6685,9879.0393,0.016585
2023-03-14,9738.8285,9786.3582,-0.018626
2023-03-15,9886.772,9921.8796,0.015191
2023-03-16,9775.127,9845.999,-0.011292
2023-03-17,9814.9913,9851.0384,0.004078
2023-03-20,9956.4215,9927.7596,0.01441
2023-03-21,9950.3899,9946.7989,-0.000606
2023-03-22,9955.1903,9863.9189,0.000482
2023-03-23,9886.3893,9837.3183,-0.006911
2023-03-24,9951.4817,9919.6386,0.006584
2023-03-27,9928.4402,9870.9183,-0.002315
2023-03-28,10080.1459,9968.36,0.01528
2023-03-29,10191.2099,10018.7595,0.011018
2023-03-30,10306.7021,10133.0006,0.011333
2023-03-31,10304.2223,10156.2409,-0.000241
2023-04-03,10254.4955,10099.4007,-0.004826
2023-04-04,10171.4116,10078.96,-0.008102
2023-04-05,10203.0427,10085.9605,0.00311
2023-04-06,10213.9618,10085.9605,0.00107
2023-04-10,10256.1449,10149.5213,0.00413
2023-04-11,10223.1282,10108.3612,-0.003219
2023-04-12,10272.4513,10096.0403,0.004825
2023-04-13,10325.5441,10168.8415,0.005168
2023-04-14,10365.4262,10215.8817,0.003862
2023-04-17,10382.3233,10237.1619,0.00163
2023-04-18,10341.4424,10220.3614,-0.003938
2023-04-19,10287.7743,10188.7214,-0.00519
2023-04-20,10286.0351,10173.0414,-0.000169
2023-04-21,10247.657,10140.0011,-0.003731
2023-04-24,10181.2794,10120.9607,-0.006477
2023-04-25,10117.9189,10014.2797,-0.006223
2023-04-26,10192.1032,10066.3604,0.007332
2023-04-27,10290.3032,10159.3213,0.009635
2023-04-28,10264.3003,10159.3213,-0.002527
2023-05-01,10148.9992,10063.5608,-0.011233
2023-05-02,10162.8705,10071.4009,0.001367
2023-05-03,10137.2605,10004.1999,-0.00252
2023-05-04,10311.1974,10136.0811,0.017158
2023-05-05,10357.757,10169.4012,0.004515
2023-05-08,10351.2083,10204.6814,-0.000632
2023-05-09,10329.375,10189.561,-0.002109
2023-05-10,10302.9816,10221.202,-0.002555
2023-05-11,10310.8394,10253.1218,0.000763
2023-05-12,10381.6674,10283.6424,0.006869
2023-05-15,10366.2128,10264.602,-0.001489
2023-05-16,10434.6987,10292.8817,0.006607
2023-05-17,10581.1308,10442.403,0.014033
2023-05-18,10591.9315,10434.8428,0.001021
2023-05-19,10630.8874,10476.2839,0.003678
2023-05-22,10581.1594,10446.6028,-0.004678
2023-05-23,10419.1315,10289.2426,-0.015313
2023-05-24,10458.344,10333.4821,0.003764
2023-05-25,10622.7943,10480.2039,0.015724
2023-05-26,10644.3834,10514.3635,0.002032
2023-05-29,10601.3524,10467.8831,-0.004043
2023-05-30,10506.6314,10407.1228,-0.008935
2023-05-31,10590.8244,10461.4433,0.008013
2023-06-01,10738.7322,10649.0454,0.013966
2023-06-02,10719.9235,10679.8448,-0.001751
2023-06-05,10765.9657,10699.7257,0.004295
2023-06-06,10724.9888,10679.2851,-0.003806
2023-06-07,10719.7023,10623.5653,-0.000493
2023-06-08,10754.517,10675.6449,0.003248
2023-06-09,10867.7062,10705.3259,0.010525
2023-06-12,10950.2216,10805.846,0.007593
2023-06-13,10976.6995,10805.5661,0.002418
2023-06-14,10981.4073,10765.5264,0.000429
2023-06-15,11024.8571,10810.0458,0.003957
2023-06-16,10960.0095,10746.2062,-0.005882
2023-06-19,10898.5149,10695.245,-0.005611
2023-06-20,10825.1686,10641.4852,-0.00673
2023-06-21,10804.5547,10615.7242,-0.001904
2023-06-22,10732.45,10607.0446,-0.006674
2023-06-23,10719.3593,10582.9649,-0.00122
2023-06-26,10725.8896,10572.8839,0.000609
2023-06-27,10838.3594,10677.8847,0.010486
2023-06-28,10852.9839,10715.4058,0.001349
2023-06-29,10965.1171,10808.3667,0.010332
2023-06-30,10982.2716,10835.2461,0.001564
2023-07-03,10988.9317,10848.1266,0.000606
2023-07-04,10925.2641,10838.0467,-0.005794
2023-07-05,10685.9637,10660.2447,-0.021903
2023-07-06,10719.5195,10659.9648,0.00314
2023-07-07,10739.4989,10618.5248,0.001864
2023-07-10,10798.3185,10659.9648,0.005477
2023-07-11,10906.9187,10706.4453,0.010057
2023-07-12,10973.9711,10712.6052,0.006148
2023-07-13,10947.3064,10709.8056,-0.00243
2023-07-14,10976.7342,10699.165,0.002688
2023-07-17,11032.355,10757.1256,0.005067
2023-07-18,11121.6584,10849.247,0.008095
2023-07-19,11060.224,10860.1665,-0.005524
2023-07-20,11071.2583,10878.0864,0.000998
2023-07-21,11095.969,10918.9667,0.002232
2023-07-24,11142.9906,10975.5281,0.004238
2023-07-25,11090.3258,10932.9677,-0.004726
2023-07-26,11189.4888,11088.0881,0.008941
2023-07-27,11220.4184,11056.1682,0.002764
2023-07-28,11271.3289,11061.7684,0.004537
2023-07-31,11232.8726,11051.6885,-0.003412
2023-08-01,11009.7719,10937.4474,-0.019861
2023-08-02,10964.873,10881.1669,-0.004078
2023-08-03,10995.9,10864.3663,0.00283
2023-08-04,10983.6988,10839.7269,-0.00111
2023-08-07,10957.1262,10810.6066,-0.002419
2023-08-08,10941.0153,10803.0464,-0.00147
2023-08-09,10990.9076,10858.4863,0.00456
2023-08-10,10901.6168,10785.4064,-0.008124
2023-08-11,10977.1929,10852.8861,0.006933
2023-08-14,10850.9749,10780.3659,-0.011498
2023-08-15,10818.4066,10758.2461,-0.003001
2023-08-16,10755.56,10685.7248,-0.005809
2023-08-17,10707.0884,10604.8048,-0.004507
2023-08-18,10768.3639,10609.8442,0.005723
2023-08-21,10839.1646,10712.3253,0.006575
2023-08-22,10925.7512,10778.126,0.007988
2023-08-23,10840.3788,10740.8859,-0.007814
2023-08-24,10855.6622,10747.8853,0.00141
2023-08-25,10966.7929,10825.446,0.010237
2023-08-28,11097.5334,10918.6868,0.011921
2023-08-29,11100.9054,10914.2071,0.000304
2023-08-30,11159.4738,10996.8073,0.005276
2023-08-31,11204.5395,11046.9279,0.004038
2023-09-01,11202.8474,11046.9279,-0.000151
2023-09-04,11220.9746,11091.4484,0.001618
2023-09-05,11145.7775,10998.7673,-0.006701
2023-09-06,11123.3913,10984.7674,-0.002008
2023-09-07,11129.5381,11009.6878,0.000553
2023-09-08,11195.5256,11007.7278,0.005929
2023-09-11,11173.54,11017.248,-0.001964
2023-09-12,11172.2762,11011.0881,-0.000113
2023-09-13,11301.3729,11150.2486,0.011555
2023-09-14,11257.0579,11097.3284,-0.003921
2023-09-15,11165.4326,11048.6081,-0.008139
2023-09-18,11109.7457,10996.5274,-0.004987
2023-09-19,11145.4023,11030.4083,0.003209
2023-09-20,10942.3077,10855.1271,-0.018222
2023-09-21,10970.7416,10848.1266,0.002599
2023-09-22,10954.5884,10843.0861,-0.001472
2023-09-25,10827.372,10752.6459,-0.011613
2023-09-26,10823.3655,10779.8062,-0.00037
2023-09-27,10881.8753,10803.3263,0.005406
2023-09-28,10902.8898,10819.2862,0.001931
2023-09-29,10841.7429,10807.5261,-0.005608
2023-10-02,10675.1095,10671.1652,-0.01537
2023-10-03,10658.0413,10638.6846,-0.001599
2023-10-04,10664.355,10642.8845,0.000592
2023-10-05,10787.9516,10705.045,0.01159
2023-10-06,10787.8324,10774.206,-1.1e-05
2023-10-09,10966.5931,10921.7673,0.016571
2023-10-10,10970.415,10874.7271,0.000349
2023-10-11,10978.0734,10964.8875,0.000698
2023-10-12,10885.8188,10898.8069,-0.008404
2023-10-13,10934.7258,10947.5272,0.004493
2023-10-16,10927.4833,10924.5669,-0.000662
2023-10-17,10823.2033,10861.8466,-0.009543
2023-10-18,10757.758,10738.3662,-0.006047
2023-10-19,10566.2544,10549.6437,-0.017801
2023-10-20,10557.2338,10510.4435,-0.000854
2023-10-23,10667.9869,10566.724,0.010491
2023-10-24,10561.3884,10520.5245,-0.009992
2023-10-25,10443.0136,10440.443,-0.011208
2023-10-26,10362.6716,10349.1622,-0.007693
2023-10-27,10427.3492,10359.2431,0.006241
2023-10-30,10523.4812,10446.0431,0.009219
2023-10-31,10631.6437,10567.0039,0.010278
2023-11-01,10831.8739,10724.926,0.018833
2023-11-02,10909.8702,10780.086,0.007201
2023-11-03,10866.6375,10745.9253,-0.003963
2023-11-06,10907.4997,10815.9259,0.00376
2023-11-07,10895.3107,10773.6463,-0.001117
2023-11-08,10976.5903,10820.6865,0.00746
2023-11-09,10969.9985,10798.5667,-0.000601
2023-11-10,11054.0814,10869.9665,0.007665
2023-11-13,11241.7337,10944.7277,0.016976
2023-11-14,11313.2968,10978.8874,0.006366
2023-11-15,11266.2453,10916.447,-0.004159
2023-11-16,11349.2533,10963.4872,0.007368
2023-11-17,11373.0564,10963.4872,0.002097
2023-11-20,11327.9987,10971.0473,-0.003962
2023-11-21,11403.9447,11064.0083,0.006704
2023-11-22,11406.5389,11058.1283,0.000227
2023-11-23,11409.5816,11037.6876,0.000267
2023-11-24,11377.3918,11021.4478,-0.002821
2023-11-27,11353.777,10993.448,-0.002076
2023-11-28,11418.1537,11011.3679,0.00567
2023-11-29,11454.4891,11056.4481,0.003182
2023-11-30,11569.2546,11174.6093,0.010019
2023-12-01,11549.1176,11174.6093,-0.001741
2023-12-04,11579.0692,11174.6093,0.002593
2023-12-05,11600.1619,11174.6093,0.001822
2023-12-06,11591.3114,11253.2894,-0.000763
2023-12-07,11683.1193,11320.2106,0.00792
2023-12-08,11707.6224,11359.6906,0.002097
2023-12-11,11677.8802,11358.851,-0.00254
2023-12-12,11706.1324,11403.6513,0.002419
2023-12-13,11791.5441,11395.5315,0.007296
2023-12-14,11854.1617,11474.7713,0.00531
2023-12-15,11832.8173,11479.8118,-0.001801
2023-12-18,11876.1485,11493.8117,0.003662
2023-12-19,11870.0328,11533.2917,-0.000515
2023-12-20,11886.9623,11444.8115,0.001426
2023-12-21,11912.7303,11487.0921,0.002168
2023-12-22,11951.4901,11487.0921,0.003254
2023-12-26,11967.0606,11445.9309,0.001303
2023-12-27,11965.2278,11491.0121,-0.000153
2023-12-28,11971.331,11516.4922,0.00051
2023-12-29,11912.4561,11510.3323,-0.004918
2024-01-02,11786.7884,11457.9718,-0.010549
2024-01-03,11828.179,11451.8109,0.003512
2024-01-04,11806.1057,11428.011,-0.001866
2024-01-05,11898.3369,11450.4117,0.007812
2024-01-08,11926.788,11534.692,0.002391
2024-01-09,11924.7083,11541.1317,-0.000174
2024-01-10,11869.0084,11493.5318,-0.004671
2024-01-11,11963.5061,11575.8521,0.007962
2024-01-12,11933.0617,11584.2529,-0.002545
2024-01-15,11906.4908,11614.7724,-0.002227
2024-01-16,11781.4079,11534.1323,-0.010505
2024-01-17,11912.462,11580.8926,0.011124
2024-01-18,11947.6395,11620.6524,0.002953
2024-01-19,12024.0753,11754.4937,0.006398
2024-01-22,12057.9252,11769.614,0.002815
2024-01-23,12162.474,11832.894,0.008671
2024-01-24,12183.4366,11884.1351,0.001724
2024-01-25,12144.7502,11893.6552,-0.003175
2024-01-26,12195.661,11943.495,0.004192
2024-01-29,12191.0616,11975.136,-0.000377
2024-01-30,12105.352,11906.2548,-0.007031
2024-01-31,12107.116,11856.695,0.000146
2024-02-01,12204.1847,12048.7757,0.008017
2024-02-02,12196.4709,12062.7766,-0.000632
2024-02-05,12263.2854,12092.4566,0.005478
2024-02-06,12296.1416,12145.0969,0.002679
2024-02-07,12301.6387,12150.1374,0.000447
2024-02-08,12319.9545,12169.4576,0.001489
2024-02-09,12456.6825,12272.4985,0.011098
2024-02-12,12280.8186,12152.6571,-0.014118
2024-02-13,12359.8318,12169.7375,0.006434
2024-02-14,12432.4677,12230.4977,0.005877
2024-02-15,12416.9764,12279.7777,-0.001246
2024-02-16,12392.3646,12255.9778,-0.001982
2024-02-19,12276.0461,12132.7772,-0.009386
2024-02-20,12255.7501,12119.0571,-0.001653
2024-02-21,12423.8233,12326.2582,0.013714
2024-02-22,12428.3885,12374.6987,0.000367
2024-02-23,12433.9759,12325.6985,0.00045
2024-02-26,12463.077,12309.7386,0.00234
2024-02-27,12428.8365,12315.3388,-0.002747
2024-02-28,12487.9376,12347.8183,0.004755
2024-02-29,12635.2134,12431.5389,0.011793
2024-03-01,12640.8751,12425.9387,0.000448
2024-03-04,12508.4673,12345.0187,-0.010475
2024-03-05,12588.3584,12394.2987,0.006387
2024-03-06,12736.7578,12445.5398,0.011789
2024-03-07,12680.985,12447.2189,-0.004379
2024-03-08,12640.3734,12366.2989,-0.003203
2024-03-11,12774.702,12467.9395,0.010627
2024-03-12,12773.5748,12473.5396,-8.8e-05
2024-03-13,12714.7585,12484.4601,-0.004605
2024-03-14,12627.5877,12405.4991,-0.006856
2024-03-15,12727.8826,12517.2195,0.007943
2024-03-18,12738.3599,12535.7002,0.000823
2024-03-19,12783.8338,12562.3007,0.00357
2024-03-20,12974.1075,12742.6214,0.014884
2024-03-21,12976.1856,12738.1417,0.00016
2024-03-22,12998.6994,12699.5012,0.001735
2024-03-25,13054.1861,12728.3416,0.004269
2024-03-26,13100.2277,12719.3811,0.003527
2024-03-27,13149.2087,12803.3827,0.003739
2024-03-28,13173.1305,12803.3827,0.001819
2024-04-01,13090.271,12697.2614,-0.00629
2024-04-02,13141.8761,12708.7416,0.003942
2024-04-03,13143.7227,12718.8214,0.000141
2024-04-04,13026.2253,12632.861,-0.008939
2024-04-05,13079.2967,12654.1412,0.004074
2024-04-08,13003.3055,12582.1806,-0.00581
2024-04-09,13003.3733,12640.1413,5e-06
2024-04-10,13006.5229,12661.1406,0.000242
2024-04-11,12976.2599,12720.5016,-0.002327
2024-04-12,12927.0387,12694.1809,-0.003793
2024-04-15,12773.2221,12490.62,-0.011899
2024-04-16,12727.7852,12423.419,-0.003557
2024-04-17,12700.4676,12455.3399,-0.002146
2024-04-18,12596.0144,12340.539,-0.008224
2024-04-19,12656.6802,12358.7388,0.004816
2024-04-22,12839.4584,12497.3396,0.014441
2024-04-23,12852.2278,12498.46,0.000995
2024-04-24,12755.1299,12347.8183,-0.007555
2024-04-25,12962.5346,12572.6605,0.01626
2024-04-26,13013.4199,12575.7399,0.003926
2024-04-29,12923.6609,12540.7396,-0.006897
2024-04-30,12902.2926,12540.7396,-0.001653
2024-05-01,12913.4807,12444.6992,0.000867
2024-05-02,13036.9946,12551.1004,0.009565
2024-05-03,13162.9533,12643.7804,0.009662
2024-05-06,13252.408,12732.5415,0.006796
2024-05-07,13211.991,12730.8613,-0.00305
2024-05-08,13283.3183,12759.7017,0.005399
2024-05-09,13319.2427,12801.1417,0.002704
2024-05-10,13335.6967,12784.0624,0.001235
2024-05-13,13404.029,12776.5023,0.005124
2024-05-14,13503.7862,12869.7431,0.007442
2024-05-15,13506.4678,12920.4234,0.000199
2024-05-16,13504.5532,12876.4626,-0.000142
2024-05-17,13596.4467,12951.7835,0.006805
2024-05-20,13570.1305,12922.3834,-0.001936
2024-05-21,13585.4322,12928.8231,0.001128
2024-05-22,13523.7461,12934.1434,-0.004541
2024-05-23,13535.9444,12885.1433,0.000902
2024-05-24,13591.5528,12913.7028,0.004108
2024-05-27,13567.9277,12865.2623,-0.001738
2024-05-28,13446.1958,12817.6624,-0.008972
2024-05-29,13409.6132,12774.5423,-0.002721
2024-05-30,13370.3402,12701.7411,-0.002929
2024-05-31,13428.8617,12798.622,0.004377
2024-06-03,13322.8367,12760.5424,-0.007895
2024-06-04,13495.8603,12918.4634,0.012987
2024-06-05,13522.3581,12961.5835,0.001963
2024-06-06,13516.2747,13030.1838,-0.00045
2024-06-07,13539.0687,13082.8241,0.001686
2024-06-10,13415.7552,13059.304,-0.009108
2024-06-11,13533.4756,13133.7843,0.008775
2024-06-12,13428.6019,13129.8643,-0.007749
2024-06-13,13387.1487,13169.0655,-0.003087
2024-06-14,13407.3989,13170.7446,0.001513
2024-06-17,13450.2758,13246.9061,0.003198
2024-06-18,13397.9168,13262.0254,-0.003893
2024-06-19,13462.8815,13315.7862,0.004849
2024-06-20,13417.5804,13270.1463,-0.003365
2024-06-21,13449.6098,13292.2661,0.002387
2024-06-24,13440.2491,13280.2262,-0.000696
2024-06-25,13414.2343,13283.0258,-0.001936
2024-06-26,13405.6663,13272.3862,-0.000639
2024-06-27,13451.259,13326.1459,0.003401
2024-06-28,13427.6169,13251.6657,-0.001758
2024-07-01,13458.6195,13276.3062,0.002309
2024-07-02,13576.1038,13313.5463,0.008729
2024-07-03,13649.5684,13341.826,0.005411
2024-07-04,13680.8751,13345.746,0.002294
2024-07-05,13702.1377,13371.2272,0.001554
2024-07-08,13655.3805,13390.5474,-0.003412
2024-07-09,13761.7571,13443.1877,0.00779
2024-07-10,13773.5515,13421.0669,0.000857
2024-07-11,13884.2999,13488.2679,0.008041
2024-07-12,13821.2351,13490.5077,-0.004542
2024-07-15,13837.6224,13508.4277,0.001186
2024-07-16,13663.1397,13368.1467,-0.012609
2024-07-17,13578.274,13291.1456,-0.006211
2024-07-18,13466.8304,13206.3056,-0.008207
2024-07-19,13566.3375,13269.8654,0.007389
2024-07-22,13644.2604,13394.4674,0.005744
2024-07-23,13423.2348,13165.4253,-0.016199
2024-07-24,13376.1159,13097.3848,-0.00351
2024-07-25,13441.8614,13121.1847,0.004915
2024-07-26,13401.8416,13149.1845,-0.002977
2024-07-29,13433.3444,13154.7847,0.002351
2024-07-30,13603.0942,13352.4666,0.012636
2024-07-31,13373.4651,13214.1457,-0.016881
2024-08-01,12830.4216,12698.6617,-0.040606
2024-08-02,12512.2974,12408.8594,-0.024795
2024-08-05,12617.4383,12506.0202,0.008403
2024-08-06,12787.9574,12693.901,0.013515
2024-08-07,12887.7169,12690.2609,0.007801
2024-08-08,12956.3715,12740.6614,0.005327
2024-08-09,12942.5186,12763.6218,-0.001069
2024-08-12,13082.4798,12890.1827,0.010814
2024-08-13,13095.5835,12922.9431,0.001002
2024-08-14,13334.5283,13148.6248,0.018246
2024-08-15,13369.9139,13167.3854,0.002654
2024-08-16,13442.509,13201.545,0.00543
2024-08-19,13403.6203,13174.3848,-0.002893
2024-08-20,13442.3801,13185.865,0.002892
2024-08-21,13396.1178,13208.8254,-0.003442
2024-08-22,13496.4716,13211.3451,0.007491
2024-08-23,13460.244,13206.3056,-0.002684
2024-08-26,13475.3934,13214.4255,0.001125
2024-08-27,13418.9411,13211.9058,-0.004189
2024-08-28,13580.2198,13361.9868,0.012019
2024-08-29,13613.8231,13318.5868,0.002474
2024-08-30,13652.3491,13398.1065,0.00283
2024-09-02,13406.8319,13269.3057,-0.017984
2024-09-03,13332.8908,13108.5851,-0.005515
2024-09-04,13298.3488,13024.5836,-0.002591
2024-09-05,13034.2999,12847.3424,-0.019856
2024-09-06,13140.8264,12997.7032,0.008173
2024-09-09,13081.2199,13021.7841,-0.004536
2024-09-10,13161.5643,12962.4231,0.006142
2024-09-11,13319.3893,13202.3856,0.011991
2024-09-12,13429.2152,13298.1461,0.008246
2024-09-13,13396.8058,13236.5453,-0.002413
2024-09-16,13493.587,13320.8267,0.007224
2024-09-17,13458.6431,13250.5463,-0.00259
2024-09-18,13709.3783,13439.5476,0.01863
2024-09-19,13636.0699,13350.2268,-0.005347
2024-09-20,13774.0166,13443.4676,0.010116
2024-09-23,13861.5359,13448.2271,0.006354
2024-09-24,13863.0803,13451.5875,0.000111
2024-09-25,13959.5111,13483.2274,0.006956
2024-09-26,14051.8892,13532.7884,0.006618
2024-09-27,13962.873,13495.5482,-0.006335
2024-09-30,13930.3163,13522.7074,-0.002332
2024-10-01,13990.5569,13567.7886,0.004324
2024-10-02,13920.5876,13538.9482,-0.005001
2024-10-03,14059.4678,13621.8282,0.009977
2024-10-04,14038.9622,13662.9894,-0.001458
2024-10-07,14024.9058,13650.9485,-0.001001
2024-10-08,14123.0365,13760.9898,0.006997
2024-10-09,14078.8244,13783.3905,-0.00313
2024-10-10,14181.3228,13834.9104,0.00728
2024-10-11,14257.5786,13948.8717,0.005377
2024-10-14,14173.1333,13916.9508,-0.005923
2024-10-15,14252.7668,13909.6705,0.005619
2024-10-16,14345.165,14031.6118,0.006483
2024-10-17,14400.2178,14016.9122,0.003838
2024-10-18,14309.0632,13962.5917,-0.00633
2024-10-21,14262.8294,13980.7915,-0.003231
2024-10-22,14200.9555,13934.5909,-0.004338
2024-10-23,14261.1526,13914.9908,0.004239
2024-10-24,14325.2347,13963.7111,0.004493
2024-10-25,14363.0372,13955.3114,0.002639
2024-10-28,14348.3721,13966.5118,-0.001021
2024-10-29,14251.624,13896.791,-0.006743
2024-10-30,13999.9481,13660.1888,-0.017659
2024-10-31,14142.0673,13761.2696,0.010151
2024-11-01,14012.1427,13647.3094,-0.009187
2024-11-04,14098.1127,13714.2295,0.006135
2024-11-05,14337.564,14143.6131,0.016985
2024-11-06,14523.6815,14227.6135,0.012981
2024-11-07,14594.0402,14329.8148,0.004844
2024-11-08,14751.2173,14489.416,0.01077
2024-11-11,14581.8801,14439.7151,-0.01148
2024-11-12,14615.4195,14493.6159,0.0023
2024-11-13,14603.8311,14479.616,-0.000793
2024-11-14,14600.3145,14290.6136,-0.000241
2024-11-15,14680.5507,14335.4139,0.005496
2024-11-18,14633.7882,14322.1147,-0.003185
2024-11-19,14617.5165,14330.5144,-0.001112
2024-11-20,14730.7394,14512.5163,0.007746
2024-11-21,14919.0799,14686.1174,0.012786
2024-11-22,14958.7898,14650.4164,0.002662
2024-11-25,14893.8298,14673.5168,-0.004343
2024-11-26,14807.6074,14551.7165,-0.005789
2024-11-27,14885.2901,14620.3167,0.005246
2024-11-28,15005.9529,14672.8171,0.008106
2024-11-29,15089.0729,14798.8184,0.005539
2024-12-02,15055.67,14788.3176,-0.002214
2024-12-03,15174.3926,14836.6182,0.007886
2024-12-04,15196.3099,14818.4184,0.001444
2024-12-05,15246.173,14825.4178,0.003281
2024-12-06,15209.9184,14777.1184,-0.002378
2024-12-09,15152.8134,14805.8178,-0.003754
2024-12-10,15264.2475,14891.9192,0.007354
2024-12-11,15229.4589,14854.819,-0.002279
2024-12-12,15164.1945,14783.4181,-0.004285
2024-12-13,15176.007,14810.7183,0.000779
2024-12-16,15094.2776,14768.0179,-0.005385
2024-12-17,15010.0825,14796.0177,-0.005578
2024-12-18,14804.9909,14560.8158,-0.013664
2024-12-19,14776.4767,14593.7162,-0.001926
2024-12-20,14833.2567,14560.1162,0.003843
2024-12-23,14849.5884,14560.1162,0.001101
2024-12-24,14849.27,14560.1162,-2.1e-05
2024-12-26,14869.6361,14638.5165,0.001372
2024-12-27,14763.0118,14502.7152,-0.007171
2024-12-30,14733.416,14502.7152,-0.002005
2024-12-31,14977.3395,14751.2174,0.016556
2025-01-02,15000.8759,14723.9172,0.001571
2025-01-03,15177.1486,14806.5185,0.011751
2025-01-06,15101.5649,14700.8169,-0.00498
2025-01-07,15030.4169,14711.3177,-0.004711
2025-01-08,15043.1433,14726.0172,0.000847
2025-01-09,14877.731,14580.4159,-0.010996
2025-01-10,14840.8969,14562.2161,-0.002476
2025-01-13,14857.2956,14535.6156,0.001105
2025-01-14,15169.4005,14764.5177,0.021007
2025-01-15,15215.9929,14810.7183,0.003071
2025-01-16,15392.4767,14938.8195,0.011599
2025-01-17,15398.8801,14870.2182,0.000416
2025-01-20,15446.293,14879.3186,0.003079
2025-01-21,15563.8374,15006.0194,0.00761
2025-01-22,15660.8402,15024.9199,0.006233
2025-01-23,15620.9855,14957.7189,-0.002545
2025-01-24,15328.6551,14714.8179,-0.018714
2025-01-27,15418.5628,14901.0186,0.005865
2025-01-28,15506.533,14955.6189,0.005705
2025-01-29,15614.7562,14996.9201,0.006979
2025-01-30,15669.5625,15145.3209,0.00351
2025-01-31,15478.3885,15008.82,-0.0122
2025-02-03,15489.3582,15007.4197,0.000709
2025-02-04,15537.8765,14973.8198,0.003132
2025-02-05,15655.5667,15139.7207,0.007574
2025-02-06,15683.7038,15102.6205,0.001797
2025-02-07,15799.4321,15197.8213,0.007379
2025-02-10,15755.3602,15162.1214,-0.002789
2025-02-11,15738.0504,15057.1206,-0.001099
2025-02-12,15917.4338,15134.8213,0.011398
2025-02-13,15891.3232,15101.9209,-0.00164
2025-02-14,16011.2047,15178.2213,0.007544
2025-02-17,16090.7012,15187.3217,0.004965
2025-02-18,16008.4381,15234.2219,-0.005112
2025-02-19,15907.7593,15083.0205,-0.006289
2025-02-20,15842.5837,15099.1203,-0.004097
2025-02-21,15737.5997,14935.3192,-0.006627
2025-02-24,15528.7145,14705.0179,-0.013273
2025-02-25,15763.288,14894.7188,0.015106
2025-02-26,15663.7425,14923.4193,-0.006315
2025-02-27,15620.342,14773.6181,-0.002771
2025-02-28,15681.5285,14807.2181,0.003917
2025-03-03,15233.1164,14327.0142,-0.028595
2025-03-04,15458.4872,14108.6128,0.014795
2025-03-05,15442.5345,14136.6126,-0.001032
2025-03-06,15187.0154,13880.8311,-0.016546
2025-03-07,14937.4082,13773.3095,-0.016436
2025-03-10,14762.6439,13503.6681,-0.0117
2025-03-11,14966.9256,13640.5887,0.013838
2025-03-12,14881.2483,13547.0681,-0.005724
2025-03-13,15149.123,13703.5899,0.018001
2025-03-14,15275.598,13755.3896,0.008349
2025-03-17,15287.7317,13699.389,0.000794
2025-03-18,15360.1771,13841.6299,0.004739
2025-03-19,15315.7412,13892.0304,-0.002893
2025-03-20,15237.5395,13847.2301,-0.005106
2025-03-21,15370.9414,14095.3125,0.008755
2025-03-24,15402.6907,14121.2124,0.002066
2025-03-25,15250.887,14054.0125,-0.009856
2025-03-26,15138.4213,13991.1512,-0.007374
2025-03-27,14845.4574,13694.9092,-0.019352
2025-03-28,14615.9008,13605.0288,-0.015463
2025-03-31,14798.8785,13767.1497,0.012519
2025-04-01,14803.2184,13754.2702,0.000293
2025-04-02,14202.9457,13078.0646,-0.04055
2025-04-03,13462.2201,12467.0999,-0.052153
2025-04-04,13173.0115,12136.977,-0.021483
2025-04-07,13404.1345,12531.2205,0.017545
2025-04-08,13194.9639,11924.4557,-0.015605
2025-04-09,13573.972,12407.4591,0.028724
2025-04-10,13495.1848,12299.0979,-0.005804
2025-04-11,13854.3084,12636.781,0.026611
2025-04-14,14001.4469,12770.0615,0.01062
2025-04-15,13894.8703,12620.5412,-0.007612
2025-04-16,13807.9156,12491.4595,-0.006258
2025-04-17,13743.5312,12491.4595,-0.004663
2025-04-21,13823.6856,12387.0184,0.005832
2025-04-22,14234.3416,12756.9022,0.029707
2025-04-23,14460.8788,12873.3832,0.015915
2025-04-24,14548.9627,12930.2234,0.006091
2025-04-25,14577.4639,12962.7029,0.001959
2025-04-28,14663.3899,13025.9839,0.005894
2025-04-29,14680.5762,13070.5044,0.001172
2025-04-30,14706.0102,13070.5044,0.001732
2025-05-01,15069.6993,13390.8272,0.024731
2025-05-02,15087.4282,13409.5867,0.001176
2025-05-05,14986.2531,13339.3063,-0.006706
2025-05-06,14968.0672,13275.7454,-0.001214
2025-05-07,15207.3075,13491.3473,0.015983
2025-05-08,15304.4794,13484.6277,0.00639
2025-05-09,15725.5214,13927.8713,0.027511
2025-05-12,15852.9445,14012.7113,0.008103
2025-05-13,15823.9189,13978.2718,-0.001831
2025-05-14,15908.2521,14030.9121,0.005329
2025-05-15,15949.4953,14133.813,0.002593
2025-05-16,15917.1325,14052.6121,-0.002029
2025-05-19,15980.9738,14085.5125,0.004011
2025-05-20,15917.5891,13970.9915,-0.003966
2025-05-21,15814.7362,13869.6308,-0.006462
2025-05-22,15740.1206,13713.109,-0.004718
2025-05-23,15941.5778,13844.9902,0.012799
2025-05-26,16108.5093,13951.3914,0.010471
2025-05-27,16083.5235,13963.7111,-0.001551
2025-05-28,15987.0076,13902.3912,-0.006001
2025-05-29,15922.3836,13903.2308,-0.004042
2025-05-30,15863.1639,13841.9108,-0.003719
2025-06-02,16059.7366,14009.2121,0.012392
2025-06-03,16130.6816,14012.7113,0.004418
2025-06-04,16178.5904,14016.2116,0.00297
2025-06-05,16242.2646,14070.1123,0.003936
2025-06-06,16274.6882,14068.712,0.001996
2025-06-09,16306.6645,14068.712,0.001965
2025-06-10,16350.2595,14069.4127,0.002673
2025-06-11,16241.3513,13943.8312,-0.006661
2025-06-12,16093.4845,13889.7906,-0.009104
2025-06-13,16242.1089,13943.8312,0.009235
2025-06-16,16117.6637,13916.3911,-0.007662
2025-06-17,16080.0813,13907.1508,-0.002332
2025-06-18,15944.1331,13795.1505,-0.008454
2025-06-19,16005.0987,13838.8304,0.003824
2025-06-20,16025.7619,13807.4703,0.001291
2025-06-23,16291.7061,13937.9512,0.016595
2025-06-24,16248.9795,13921.4316,-0.002623
2025-06-25,16325.5864,13935.7113,0.004715
2025-06-26,16443.6049,14052.6121,0.007229
2025-06-27,16446.3666,14021.8117,0.000168
2025-06-30,16356.2124,13995.3522,-0.005482
2025-07-01,16501.9062,14033.7117,0.008908
2025-07-02,16624.6177,14172.3136,0.007436
2025-07-03,16553.7739,14078.512,-0.004261
2025-07-04,16574.3956,14124.013,0.001246
2025-07-07,16619.2159,14128.2129,0.002704
2025-07-08,16724.7671,14175.1131,0.006351
2025-07-09,16831.563,14277.3144,0.006385
2025-07-10,16722.4759,14187.0131,-0.006481
2025-07-11,16758.1334,14206.6132,0.002132
2025-07-14,16814.637,14284.3138,0.003372
2025-07-15,16693.0737,14068.0124,-0.00723
2025-07-16,16970.0706,14357.8146,0.016594
2025-07-17,16943.9331,14309.5141,-0.00154
2025-07-18,16917.4071,14323.514,-0.001566
2025-07-21,16841.789,14226.9139,-0.00447
2025-07-22,16958.4234,14351.5148,0.006925
2025-07-23,17085.9503,14382.3152,0.00752
2025-07-24,17109.4176,14412.415,0.001373
2025-07-25,17126.2462,14535.6156,0.000984
2025-07-28,17111.3659,14595.8161,-0.000869
2025-07-29,17084.1497,14664.4174,-0.001591
2025-07-30,16932.6542,14698.717,-0.008868
2025-07-31,16505.0473,14255.6133,-0.025253
2025-08-01,16693.1585,14422.9146,0.011397
2025-08-04,16716.3279,14383.7145,0.001388
2025-08-05,16750.2445,14425.7153,0.002029
2025-08-06,16869.9674,14452.3158,0.007148
2025-08-07,16946.9671,14497.1161,0.004564
2025-08-08,16957.4273,14586.0161,0.000617
2025-08-11,17052.0348,14581.8162,0.005579
2025-08-12,17132.7779,14603.5162,0.004735
2025-08-13,17196.0691,14680.5172,0.003694
2025-08-14,17212.314,14637.1172,0.000945
2025-08-15,17282.9944,14662.3175,0.004106
2025-08-18,17232.7785,14662.3175,-0.002906
2025-08-19,17158.0974,14577.6163,-0.004334
2025-08-20,17206.2252,14639.9168,0.002805
2025-08-21,17446.4703,14718.3171,0.013963
2025-08-22,17412.9079,14705.7175,-0.001924
2025-08-25,17433.7162,14672.8171,0.001195
2025-08-26,17436.1815,14794.6185,0.000141
2025-08-27,17465.3364,14748.4179,0.001672
2025-08-28,17321.2317,14642.0167,-0.008251
2025-08-29,17365.3504,14679.1169,0.002547
2025-09-01,17054.641,14509.0161,-0.017892
2025-09-02,17180.3022,14614.7165,0.007368
2025-09-03,17267.9926,14735.1176,0.005104
2025-09-04,17264.5505,14637.1172,-0.000199
2025-09-05,17383.9036,14727.4175,0.006913
2025-09-08,17413.7095,14732.318,0.001715
2025-09-09,17559.5883,14812.1186,0.008377
2025-09-10,17623.0188,14901.0186,0.003612
2025-09-11,17584.399,14909.4194,-0.002191
2025-09-12,17753.4342,14929.0194,0.009613
2025-09-15,17648.7573,14803.7178,-0.005896
2025-09-16,17718.9718,14793.9178,0.003978
2025-09-17,18009.4751,14960.5195,0.016395
2025-09-18,18026.8518,14975.219,0.000965
2025-09-19,18056.9304,15005.3198,0.001669
2025-09-22,18098.8838,15021.4196,0.002323
2025-09-23,18090.6447,14994.8201,-0.000455
2025-09-24,18046.9591,14973.8198,-0.002415
2025-09-25,18092.6289,14989.22,0.002531
2025-09-26,18192.392,15028.4201,0.005514
2025-09-29,18165.3639,15007.4197,-0.001486
2025-09-30,18388.9019,15125.0212,0.012306
2025-10-01,18548.3937,15178.9209,0.008673
2025-10-02,18601.9794,15241.922,0.002889
2025-10-03,18703.8052,15293.7218,0.005474
2025-10-06,18660.0882,15262.9213,-0.002337
2025-10-07,18801.5979,15401.5232,0.007584
2025-10-08,18827.7774,15414.1228,0.001392
2025-10-09,18472.1566,15108.9203,-0.018888
2025-10-10,18779.8681,15224.4219,0.016658
2025-10-13,18685.5281,15163.5207,-0.005023
2025-10-14,18801.6793,15244.7216,0.006216
2025-10-15,18798.5956,15232.122,-0.000164
2025-10-16,18566.8547,15064.8207,-0.012328
2025-10-17,18893.0078,15330.1223,0.017566
2025-10-20,18881.788,15393.8231,-0.000594
2025-10-21,18653.1659,15309.122,-0.012108
2025-10-22,18780.0847,15370.0232,0.006804
2025-10-23,18964.8109,15370.0232,0.009836
2025-10-24,19028.4676,15591.9248,0.003357
2025-10-27,19153.8001,15621.3249,0.006587
2025-10-28,19177.6477,15647.2248,0.001245
2025-10-29,19127.6587,15666.8249,-0.002607
2025-10-30,19049.8633,15657.0248,-0.004067
2025-10-31,19061.2947,15675.9253,0.0006
2025-11-03,18830.1053,15615.7247,-0.012129
2025-11-04,18911.7317,15643.0249,0.004335
2025-11-05,18674.2758,15409.9229,-0.012556
2025-11-06,18510.9618,15218.121,-0.008745
2025-11-07,18833.9509,15528.224,0.017449
2025-11-10,18884.1204,15589.1242,0.002664
2025-11-11,19057.2552,15673.8253,0.009168
2025-11-12,18770.1659,15456.1236,-0.015065
2025-11-13,18722.6832,15435.1232,-0.00253
2025-11-14,18547.5376,15368.6229,-0.009355
2025-11-17,18266.9482,15161.4207,-0.015128
2025-11-18,18372.33,15197.1217,0.005769
2025-11-19,18263.316,15293.7218,-0.005934
2025-11-20,18072.3111,15157.9205,-0.010458
2025-11-21,18326.6887,15339.2228,0.014076
2025-11-24,18416.9739,15371.4224,0.004926
2025-11-25,18643.7569,15556.2238,0.012314
2025-11-26,18691.8493,15540.124,0.00258
2025-11-27,18833.1733,15605.224,0.007561
2025-11-28,18694.263,15541.5243,-0.007376
2025-12-01,18815.3102,15552.024,0.006475
2025-12-02,18874.5151,15545.0246,0.003147
2025-12-03,19007.4536,15587.7239,0.007043
2025-12-04,19121.1968,15640.925,0.005984
2025-12-05,19030.2508,15613.6248,-0.004756
2025-12-08,19120.7655,15631.8246,0.004756
2025-12-09,19134.1792,15594.7244,0.000702
2025-12-10,19149.9736,15537.3245,0.000825
2025-12-11,19000.3343,15443.5229,-0.007814
2025-12-12,18899.6085,15463.123,-0.005301
2025-12-15,18770.9987,15363.0227,-0.006805
2025-12-16,18645.536,15297.222,-0.006684
2025-12-17,18816.3908,15466.6232,0.009163
2025-12-18,18999.1249,15533.8242,0.009711
2025-12-19,19057.9317,15563.2243,0.003095
2025-12-22,19068.5954,15598.2246,0.00056
2025-12-23,19114.6197,15598.2246,0.002414
2025-12-24,19102.0317,15598.2246,-0.000659
2025-12-26,19105.7276,15619.9246,0.000193
2025-12-29,19145.0582,15648.6251,0.002059
2025-12-30,19150.4256,15648.6251,0.00028
2025-12-31,19290.6552,15584.9243,0.007323
2026-01-02,19614.8758,15784.4263,0.016807
2026-01-05,19730.7148,15836.2261,0.005906
2026-01-06,19795.7485,15886.6266,0.003296
2026-01-07,19788.2192,15855.8262,-0.00038
2026-01-08,19970.2809,15986.7279,0.009201
2026-01-09,20030.8357,15983.9273,0.003032
2026-01-12,20001.573,16008.4279,-0.001461
2026-01-13,19968.1032,15902.7264,-0.001673
2026-01-14,20095.7228,16093.128,0.006391
2026-01-15,20116.6016,16071.428,0.001039
2026-01-16,19912.5315,15837.6264,-0.010144
2026-01-19,19721.4724,15706.025,-0.009595
2026-01-20,19744.7015,15714.4258,0.001178
2026-01-21,20010.3065,15820.8259,0.013452
2026-01-22,19971.1727,15794.2264,-0.001956
2026-01-23,19884.2312,15734.0259,-0.004353
2026-01-26,19931.6337,15713.0255,0.002384
2026-01-27,20072.9734,15725.6251,0.007091
2026-01-28,19809.6596,15598.9242,-0.013118
2026-01-29,19819.8949,15719.3253,0.000517
2026-01-30,19916.5407,15881.7271,0.004876
2026-02-02,19791.3368,15815.2257,-0.006286
2026-02-03,19595.5389,15778.1255,-0.009893
2026-02-04,19295.8709,15619.225,-0.015293
2026-02-05,19479.2621,15774.6263,0.009504
2026-02-06,19683.8893,15850.9267,0.010505
2026-02-09,19770.6189,15885.2263,0.004406
2026-02-10,19686.1081,15876.8265,-0.004275
2026-02-11,19411.8733,15734.7255,-0.01393
2026-02-12,19502.4465,15715.825,0.004666
2026-02-13,19531.8886,15680.1251,0.00151
2026-02-16,19598.4488,15727.0254,0.003408
2026-02-17,19829.2945,15896.4266,0.011779
2026-02-18,19786.2238,15869.1264,-0.002172
2026-02-19,19820.0191,15926.5274,0.001708
2026-02-20,19600.2619,15809.6266,-0.011088
2026-02-23,19775.4008,15879.6272,0.008936
2026-02-24,20000.8212,15997.9272,0.011399
2026-02-25,20014.1285,15965.0279,0.000665
2026-02-26,19913.8487,15895.0274,-0.00501
2026-02-27,19798.1163,15953.8276,-0.005812
2026-03-02,19288.6579,15766.2255,-0.025733
2026-03-03,19611.5665,15939.127,0.016741
2026-03-04,19455.3703,15862.8266,-0.007964
2026-03-05,19208.686,15862.8266,-0.012679
2026-03-06,19114.2778,15612.2245,-0.004915
2026-03-09,19398.2706,15825.0268,0.014858
2026-03-10,19359.4101,15769.0261,-0.002003
2026-03-11,19246.987,15684.325,-0.005807
2026-03-12,19216.2658,15661.9254,-0.001596
2026-03-13,19286.5238,15706.025,0.003656
2026-03-16,19423.9683,15741.726,0.007126
2026-03-17,19235.4975,15640.925,-0.009703
2026-03-18,18914.8319,15379.8232,-0.016671
2026-03-19,18630.2382,15221.6213,-0.015046
2026-03-20,18711.881,15281.8218,0.004382
2026-03-23,18714.1313,15276.9223,0.00012
2026-03-24,18963.0845,15426.0228,0.013303
2026-03-25,18722.1623,15262.9213,-0.012705
2026-03-26,18609.2671,15046.6199,-0.00603
2026-03-27,18652.609,15148.8211,0.002329
2026-03-30,18864.5486,15127.8208,0.011362
2026-03-31,19207.5424,15449.8238,0.018182
2026-04-01,19175.7051,15453.3229,-0.001658
2026-04-02,19207.6223,15453.3229,0.001664
2026-04-06,19038.8417,15361.6224,-0.008787
2026-04-07,19683.9174,15748.7254,0.033882
2026-04-08,19617.8203,15776.0256,-0.003358
2026-04-09,19615.7541,15813.1258,-0.000105
2026-04-10,19701.7607,15812.4261,0.004385
2026-04-13,20006.9622,15988.1272,0.015491
2026-04-14,20188.8241,16049.0284,0.00909
2026-04-15,20306.77,16144.9288,0.005842
2026-04-16,20525.7617,16338.13,0.010784
2026-04-17,20416.3474,16268.1294,-0.005331
2026-04-20,20332.9583,16246.4294,-0.004084
2026-04-21,20465.5129,16319.2306,0.006519
2026-04-22,20430.9209,16374.5305,-0.00169
2026-04-23,20474.3011,16341.6302,0.002123
2026-04-24,20524.498,16328.3299,0.002452
2026-04-27,20392.6509,16275.1299,-0.006424
2026-04-28,20452.4197,16287.7295,0.002931
2026-04-29,20700.0343,16385.0313,0.012107
2026-04-30,20809.742,16385.0313,0.0053
2026-05-01,20778.2391,16436.1314,-0.001514
2026-05-04,20939.1199,16553.7318,0.007743
2026-05-05,21281.7616,16739.9335,0.016364
2026-05-06,21243.8836,16743.4338,-0.00178
2026-05-07,21234.6087,16736.4333,-0.000437
2026-05-08,21305.5639,16790.334,0.003341
2026-05-11,21010.1653,16681.833,-0.013865
2026-05-12,21109.1335,16859.635,0.00471
2026-05-13,21355.9635,17080.1363,0.011693
2026-05-14,21079.4018,16948.5349,-0.01295
2026-05-15,21115.2875,16857.535,0.001702
2026-05-18,21010.6277,16840.7345,-0.004957
2026-05-19,21273.2521,16989.8361,0.0125
2026-05-20,21376.7073,17012.9353,0.004863
2026-05-21,21589.2842,17199.137,0.009944
2026-05-22,21746.83,17290.138,0.007297
2026-05-25,21751.0769,17236.2373,0.000195
2026-05-26,21724.097,17194.2376,-0.00124
2026-05-27,21792.8159,17244.638,0.003163
2026-05-28,21825.9295,17278.9376,0.001519
2026-05-29,21867.3999,17327.9378,0.0019
2026-06-01,21950.684,17402.1393,0.003809
2026-06-02,21658.9809,17344.7383,-0.013289
2026-06-03,21793.3439,17347.539,0.006204
2026-06-04,21408.6662,17267.0377,-0.017651
2026-06-05,21344.3784,17166.9374,-0.003003
2026-06-08,21071.2966,16929.6355,-0.012794
2026-06-09,20912.6748,16896.7352,-0.007528
2026-06-10,21034.8362,16924.0354,0.005841
2026-06-11,21355.4047,17206.1375,0.01524
2026-06-12,21683.7438,17397.9384,0.015375
2026-06-15,21583.1283,17376.9391,-0.00464
2026-06-16,21529.4632,17389.5386,-0.002486
2026-06-17,21741.1268,17449.7392,0.009831
2026-06-18,21799.0908,17472.8395,0.002666
2026-06-19,21887.1291,17508.5394,0.004039
2026-06-22,21560.7926,17357.339,-0.01491
2026-06-23,21530.7484,17470.7396,-0.001393
2026-06-24,21535.9453,17373.4388,0.000241
2026-06-25,21471.1607,17325.1383,-0.003008
2026-06-26,21515.6494,17344.0387,0.002072
2026-06-29,21733.9736,17505.0402,0.010147
2026-06-30,21825.3626,17623.3403,0.004205
2026-07-01,21905.267,17542.1404,0.003661
2026-07-02,21982.5218,17606.5408,0.003527
2026-07-03,22049.8182,17689.141,0.003061
2026-07-06,21806.7078,17556.1403,-0.011026
2026-07-07,21547.7391,17430.1391,-0.011876
2026-07-08,21793.2587,17599.5403,0.011394
2026-07-09,21804.4637,17660.4405,0.000514
2026-07-10,21807.6703,17682.1415,0.000147
2026-07-13,21845.2411,17648.5405,0.001723
2026-07-14,21870.6035,17682.1415,0.001161
2026-07-15,21703.9211,17675.8407,-0.007621
2026-07-16,21523.0853,17483.3391,-0.008332
2026-07-17,21592.9134,17533.7396,0.003244
2026-07-20,21811.244,17602.3409,0.010111
2026-07-21,21806.1687,17640.1408,-0.000233
2026-07-22,21427.863,17423.1386,-0.017349
2026-07-23,21461.148,17543.5397,0.001553
2026-07-24,21561.9808,17459.5392,0.004698
2026-07-27,21598.4239,17528.8401,0.00169
2026-07-28,21494.4994,17409.8394,-0.004812
2026-07-29,21673.1205,17311.838,0.00831
2026-07-30,21654.2588,17400.739,-0.00087
2026-07-31,22001.3775,17664.6414,0.01603
2026-08-03,22312.6642,17890.7429,0.014149
2026-08-04,22299.9638,17953.744,-0.000569
2026-08-05,22371.1618,17941.1423,0.003193
2026-08-06,22541.974,18011.1429,0.007635
2026-08-07,22521.903,18025.8445,-0.00089
2026-08-10,22530.0871,18019.5447,0.000363
2026-08-11,22499.6678,18031.4436,-0.00135
2026-08-12,22633.7668,18115.4452,0.00596
2026-08-13,22645.5379,18041.2447,0.00052
2026-08-14,22543.0988,18018.1434,-0.004524
2026-08-17,22314.6366,17840.3424,-0.010134
2026-08-18,22345.1798,17840.3424,0.001369
