earnings_date,reported_eps,consensus_eps,surprise_pct,ticker_original,ticker_earnings,reported_revenue,consensus_revenue,revenue_surprise_pct,ticker
2025-09-30,1.85,1.76993,4.52,APC.DE,AAPL,,,,APC.DE
2025-12-31,2.84,2.6708,6.34,APC.DE,AAPL,,,,APC.DE
2026-03-31,2.01,1.94275,3.46,APC.DE,AAPL,,,,APC.DE
2026-06-30,2.02,1.89243,6.74,APC.DE,AAPL,,,,APC.DE
2025-09-30,4.13,3.66355,12.73,MSF.DE,MSFT,,,,MSF.DE
2025-12-31,4.14,3.91702,5.69,MSF.DE,MSFT,,,,MSF.DE
2026-03-31,4.27,4.07062,4.9,MSF.DE,MSFT,,,,MSF.DE
2026-06-30,4.74,4.23939,11.81,MSF.DE,MSFT,,,,MSF.DE
2025-09-30,1.95,1.55757,25.2,AMZN,AMZN,,,,AMZN
2025-12-31,1.95,1.95962,-0.49,AMZN,AMZN,,,,AMZN
2026-03-31,2.78,1.65303,68.18,AMZN,AMZN,,,,AMZN
2026-06-30,5.75,1.8253,215.02,AMZN,AMZN,,,,AMZN
2025-07-31,1.05,1.00867,4.1,NVDA,NVDA,,,,NVDA
2025-10-31,1.3,1.25647,3.46,NVDA,NVDA,,,,NVDA
2026-01-31,1.62,1.53812,5.32,NVDA,NVDA,,,,NVDA
2026-04-30,1.87,1.77191,5.54,NVDA,NVDA,,,,NVDA
2025-09-30,2.87,2.26199,26.88,GOOGL,GOOGL,,,,GOOGL
2025-12-31,2.82,2.63521,7.01,GOOGL,GOOGL,,,,GOOGL
2026-03-31,5.11,2.66714,91.59,GOOGL,GOOGL,,,,GOOGL
2026-06-30,9.11,2.89914,214.23,GOOGL,GOOGL,,,,GOOGL
2025-09-30,1.05,6.70696,-84.34,META,META,,,,META
2025-12-31,8.88,8.22253,8.0,META,META,,,,META
2026-03-31,10.44,6.65872,56.79,META,META,,,,META
2026-06-30,6.18,7.22143,-14.42,META,META,,,,META
2025-09-30,0.5,0.55885,-10.53,TSLA,TSLA,,,,TSLA
2025-12-31,0.5,0.45061,10.96,TSLA,TSLA,,,,TSLA
2026-03-31,0.41,0.34999,17.15,TSLA,TSLA,,,,TSLA
2026-06-30,0.33,0.5353,-38.35,TSLA,TSLA,,,,TSLA
2025-07-31,2.91,2.77924,4.7,CRM,CRM,,,,CRM
2025-10-31,3.25,2.8622,13.55,CRM,CRM,,,,CRM
2026-01-31,3.81,3.05166,24.85,CRM,CRM,,,,CRM
2026-04-30,3.88,3.12729,24.07,CRM,CRM,,,,CRM
2025-08-31,5.31,5.18163,2.48,ADBE,ADBE,,,,ADBE
2025-11-30,5.5,5.39763,1.9,ADBE,ADBE,,,,ADBE
2026-02-28,6.06,5.87314,3.18,ADBE,ADBE,,,,ADBE
2026-05-31,5.96,5.81474,2.5,ADBE,ADBE,,,,ADBE
2025-09-30,0.587,0.69707,-15.79,NFLX,NFLX,,,,NFLX
2025-12-31,0.56,0.55208,1.43,NFLX,NFLX,,,,NFLX
2026-03-31,1.23,1.24746,-1.4,NFLX,NFLX,,,,NFLX
2026-06-30,0.8,0.78858,1.45,NFLX,NFLX,,,,NFLX
2025-09-30,4.13,3.66355,12.73,MSFT,MSFT,,,,MSFT
2025-12-31,4.14,3.91702,5.69,MSFT,MSFT,,,,MSFT
2026-03-31,4.27,4.07062,4.9,MSFT,MSFT,,,,MSFT
2026-06-30,4.74,4.23939,11.81,MSFT,MSFT,,,,MSFT
2025-06-30,-0.14,-0.11833,-18.31,ATAI,ATAI,,,,ATAI
2025-09-30,-0.28,-0.12429,-125.28,ATAI,ATAI,,,,ATAI
2025-12-31,-1.73,-0.11222,-1441.61,ATAI,ATAI,,,,ATAI
2026-03-31,,-0.11193,,ATAI,ATAI,,,,ATAI
2025-09-30,1.2,1.171,2.48,AMD,AMD,,,,AMD
2025-12-31,1.53,1.31917,15.98,AMD,AMD,,,,AMD
2026-03-31,1.37,1.29468,5.82,AMD,AMD,,,,AMD
2026-06-30,1.66,1.60841,3.21,AMD,AMD,,,,AMD
2025-09-30,0.23,0.00705,3162.41,INTC,INTC,,,,INTC
2025-12-31,0.15,0.08264,81.51,INTC,INTC,,,,INTC
2026-03-31,0.29,0.01313,2108.68,INTC,INTC,,,,INTC
2026-06-30,0.42,0.21819,92.49,INTC,INTC,,,,INTC
2025-09-30,3.0,2.87578,4.32,QCOM,QCOM,,,,QCOM
2025-12-31,3.5,3.40235,2.87,QCOM,QCOM,,,,QCOM
2026-03-31,2.65,2.56433,3.34,QCOM,QCOM,,,,QCOM
2026-06-30,2.21,2.22079,-0.49,QCOM,QCOM,,,,QCOM
2025-07-31,2.48,2.35905,5.13,AMAT,AMAT,,,,AMAT
2025-10-31,2.17,2.09366,3.65,AMAT,AMAT,,,,AMAT
2026-01-31,2.38,2.206,7.89,AMAT,AMAT,,,,AMAT
2026-04-30,2.86,2.68545,6.5,AMAT,AMAT,,,,AMAT
2025-08-31,3.03,2.86023,5.94,MU,MU,,,,MU
2025-11-30,4.78,3.96409,20.58,MU,MU,,,,MU
2026-02-28,12.2,9.15866,33.21,MU,MU,,,,MU
2026-05-31,25.11,20.68603,21.39,MU,MU,,,,MU
2025-09-30,1.48,1.4859,-0.4,TXN,TXN,,,,TXN
2025-12-31,1.27,1.30773,-2.89,TXN,TXN,,,,TXN
2026-03-31,1.68,1.36856,22.76,TXN,TXN,,,,TXN
2026-06-30,2.14,1.937,10.48,TXN,TXN,,,,TXN
2025-08-31,1.47,1.47912,-0.62,ORCL,ORCL,,,,ORCL
2025-11-30,2.26,1.6372,38.04,ORCL,ORCL,,,,ORCL
2026-02-28,1.79,1.69362,5.69,ORCL,ORCL,,,,ORCL
2026-05-31,2.11,1.96241,7.52,ORCL,ORCL,,,,ORCL
2025-09-30,2.92,2.62516,11.23,TSM,TSM,,,,TSM
2025-12-31,3.14,2.97556,5.53,TSM,TSM,,,,TSM
2026-03-31,3.49,3.33393,4.68,TSM,TSM,,,,TSM
2026-06-30,4.31,3.88658,10.89,TSM,TSM,,,,TSM
2025-09-30,0.964,0.85308,13.0,NOW,NOW,,,,NOW
2025-12-31,0.92,0.88508,3.95,NOW,NOW,,,,NOW
2026-03-31,0.97,0.96619,0.39,NOW,NOW,,,,NOW
2026-06-30,0.9,0.85672,5.05,NOW,NOW,,,,NOW
2025-07-31,0.35,0.26646,31.35,SNOW,SNOW,,,,SNOW
2025-10-31,0.35,0.31114,12.49,SNOW,SNOW,,,,SNOW
2026-01-31,0.32,0.27169,17.78,SNOW,SNOW,,,,SNOW
2026-04-30,0.39,0.31981,21.95,SNOW,SNOW,,,,SNOW
2025-09-30,3.11,0.68627,353.17,UBER,UBER,,,,UBER
2025-12-31,0.14,0.775,-81.94,UBER,UBER,,,,UBER
2026-03-31,0.13,0.71175,-81.74,UBER,UBER,,,,UBER
2026-06-30,1.17,0.83443,40.22,UBER,UBER,,,,UBER
2025-09-30,1.34,1.20568,11.14,PYPL,PYPL,,,,PYPL
2025-12-31,1.23,1.2866,-4.4,PYPL,PYPL,,,,PYPL
2026-03-31,1.34,1.26902,5.59,PYPL,PYPL,,,,PYPL
2026-06-30,1.38,1.2774,8.03,PYPL,PYPL,,,,PYPL
2025-09-30,3.28,2.13499,53.63,SPOT,SPOT,,,,SPOT
2025-12-31,4.43,2.84267,55.84,SPOT,SPOT,,,,SPOT
2026-03-31,3.45,2.92387,17.99,SPOT,SPOT,,,,SPOT
2026-06-30,2.61,2.79603,-6.65,SPOT,SPOT,,,,SPOT
2025-09-30,0.34,0.33794,0.61,SHOP,SHOP,,,,SHOP
2025-12-31,0.48,0.50907,-5.71,SHOP,SHOP,,,,SHOP
2026-03-31,0.36,0.33162,8.56,SHOP,SHOP,,,,SHOP
2026-06-30,0.42,0.3998,5.05,SHOP,SHOP,,,,SHOP
2025-09-30,2.98,2.97176,0.28,V,V,,,,V
2025-12-31,3.17,3.14227,0.88,V,V,,,,V
2026-03-31,3.31,3.09955,6.79,V,V,,,,V
2026-06-30,3.32,3.23073,2.76,V,V,,,,V
2025-09-30,4.38,4.31425,1.52,MA,MA,,,,MA
2025-12-31,4.76,4.24031,12.26,MA,MA,,,,MA
2026-03-31,4.6,4.41328,4.23,MA,MA,,,,MA
2026-06-30,5.04,4.77606,5.53,MA,MA,,,,MA
2025-09-30,5.07,4.87467,4.01,JPM,JPM,,,,JPM
2025-12-31,4.63,4.81831,-3.91,JPM,JPM,,,,JPM
2026-03-31,5.94,5.51098,7.78,JPM,JPM,,,,JPM
2026-06-30,6.14,5.79998,5.86,JPM,JPM,,,,JPM
2025-09-30,1.06,0.9461,12.04,BAC,BAC,,,,BAC
2025-12-31,0.98,0.95866,2.23,BAC,BAC,,,,BAC
2026-03-31,1.11,1.02044,8.78,BAC,BAC,,,,BAC
2026-06-30,1.21,1.12309,7.74,BAC,BAC,,,,BAC
2025-09-30,12.25,11.08738,10.49,GS,GS,,,,GS
2025-12-31,14.01,11.65403,20.22,GS,GS,,,,GS
2026-03-31,17.55,16.39241,7.06,GS,GS,,,,GS
2026-06-30,20.98,14.54249,44.27,GS,GS,,,,GS
2025-09-30,2.8,2.11118,32.63,MS,MS,,,,MS
2025-12-31,2.68,2.44961,9.41,MS,MS,,,,MS
2026-03-31,3.43,3.01764,13.66,MS,MS,,,,MS
2026-06-30,3.46,2.93372,17.94,MS,MS,,,,MS
2025-09-30,6.2508,5.73466,9.0,BRK-B,BRK-B,,,,BRK-B
2025-12-31,4.7281,5.16646,-8.48,BRK-B,BRK-B,,,,BRK-B
2026-03-31,5.2596,5.04888,4.17,BRK-B,BRK-B,,,,BRK-B
2026-06-30,6.0255,5.13264,17.4,BRK-B,BRK-B,,,,BRK-B
2025-09-30,4.14,3.99559,3.61,AXP,AXP,,,,AXP
2025-12-31,3.53,3.53362,-0.1,AXP,AXP,,,,AXP
2026-03-31,4.28,3.99336,7.18,AXP,AXP,,,,AXP
2026-06-30,4.53,4.40307,2.88,AXP,AXP,,,,AXP
2025-09-30,2.92,2.80806,3.99,UNH,UNH,,,,UNH
2025-12-31,2.11,2.10607,0.19,UNH,UNH,,,,UNH
2026-03-31,7.23,6.60176,9.52,UNH,UNH,,,,UNH
2026-06-30,6.38,4.9151,29.8,UNH,UNH,,,,UNH
2025-09-30,2.8,2.75894,1.49,JNJ,JNJ,,,,JNJ
2025-12-31,2.46,2.46271,-0.11,JNJ,JNJ,,,,JNJ
2026-03-31,2.7,2.67727,0.85,JNJ,JNJ,,,,JNJ
2026-06-30,2.9,2.85484,1.58,JNJ,JNJ,,,,JNJ
2025-09-30,0.87,0.63307,37.43,PFE,PFE,,,,PFE
2025-12-31,0.66,0.56808,16.18,PFE,PFE,,,,PFE
2026-03-31,0.75,0.72166,3.93,PFE,PFE,,,,PFE
2026-06-30,0.77,0.68221,12.87,PFE,PFE,,,,PFE
2025-09-30,7.02,5.89164,19.15,LLY,LLY,,,,LLY
2025-12-31,7.54,6.90884,9.14,LLY,LLY,,,,LLY
2026-03-31,8.55,6.79114,25.9,LLY,LLY,,,,LLY
2026-06-30,8.38,6.58447,27.27,LLY,LLY,,,,LLY
2025-09-30,1.86,1.78451,4.23,ABBV,ABBV,,,,ABBV
2025-12-31,2.71,2.65266,2.16,ABBV,ABBV,,,,ABBV
2026-03-31,2.65,2.67067,-0.77,ABBV,ABBV,,,,ABBV
2026-06-30,3.65,3.60841,1.15,ABBV,ABBV,,,,ABBV
2025-09-30,2.58,2.34859,9.85,MRK,MRK,,,,MRK
2025-12-31,2.04,2.01048,1.47,MRK,MRK,,,,MRK
2026-03-31,-1.28,-1.47384,13.15,MRK,MRK,,,,MRK
2026-06-30,-0.13,-0.25705,49.43,MRK,MRK,,,,MRK
2025-09-30,5.64,5.01464,12.47,AMGN,AMGN,,,,AMGN
2025-12-31,5.29,4.72583,11.94,AMGN,AMGN,,,,AMGN
2026-03-31,5.15,4.76655,8.04,AMGN,AMGN,,,,AMGN
2026-06-30,6.29,5.61759,11.97,AMGN,AMGN,,,,AMGN
2025-09-30,2.47,2.13529,15.68,GILD,GILD,,,,GILD
2025-12-31,1.86,1.80898,2.82,GILD,GILD,,,,GILD
2026-03-31,2.03,1.91073,6.24,GILD,GILD,,,,GILD
2026-06-30,-6.75,-7.2468,6.86,GILD,GILD,,,,GILD
2025-09-30,-0.12,0.09972,-220.34,BNTX,BNTX,,,,BNTX
2025-12-31,-0.33,-0.25301,-30.43,BNTX,BNTX,,,,BNTX
2026-03-31,-1.95,-1.91887,-1.62,BNTX,BNTX,,,,BNTX
2026-06-30,-2.22,-2.07871,-6.8,BNTX,BNTX,,,,BNTX
2025-09-30,0.82,0.77857,5.32,KO,KO,,,,KO
2025-12-31,0.58,0.56479,2.69,KO,KO,,,,KO
2026-03-31,0.86,0.81227,5.88,KO,KO,,,,KO
2026-06-30,0.97,0.93225,4.05,KO,KO,,,,KO
2025-09-30,3.22,3.33195,-3.36,MCD,MCD,,,,MCD
2025-12-31,3.12,3.05223,2.22,MCD,MCD,,,,MCD
2026-03-31,2.83,2.74459,3.11,MCD,MCD,,,,MCD
2026-06-30,3.38,3.32131,1.77,MCD,MCD,,,,MCD
2025-07-31,0.68,0.73887,-7.97,WMT,WMT,,,,WMT
2025-10-31,0.62,0.60128,3.11,WMT,WMT,,,,WMT
2026-01-31,0.74,0.727,1.79,WMT,WMT,,,,WMT
2026-04-30,0.66,0.65872,0.19,WMT,WMT,,,,WMT
2025-07-31,4.68,4.69448,-0.31,HD,HD,,,,HD
2025-10-31,3.74,3.83395,-2.45,HD,HD,,,,HD
2026-01-31,2.72,2.5232,7.8,HD,HD,,,,HD
2026-04-30,3.43,3.40647,0.69,HD,HD,,,,HD
2025-08-31,5.87,5.80441,1.13,COST,COST,,,,COST
2025-11-30,4.5,4.27507,5.26,COST,COST,,,,COST
2026-02-28,4.58,4.54467,0.78,COST,COST,,,,COST
2026-05-31,4.93,4.92303,0.14,COST,COST,,,,COST
2025-08-31,0.49,0.2656,84.49,NKE,NKE,,,,NKE
2025-11-30,0.53,0.37351,41.9,NKE,NKE,,,,NKE
2026-02-28,0.35,0.28165,24.27,NKE,NKE,,,,NKE
2026-05-31,0.72,0.12718,466.13,NKE,NKE,,,,NKE
2025-09-30,0.52,0.55621,-6.51,SBUX,SBUX,,,,SBUX
2025-12-31,0.56,0.58692,-4.59,SBUX,SBUX,,,,SBUX
2026-03-31,0.5,0.43664,14.51,SBUX,SBUX,,,,SBUX
2026-06-30,0.85,0.64988,30.79,SBUX,SBUX,,,,SBUX
2025-09-30,-7.47,-2.37563,-214.44,BA,BA,,,,BA
2025-12-31,9.92,-0.40902,2525.31,BA,BA,,,,BA
2026-03-31,-0.2,-0.67243,70.26,BA,BA,,,,BA
2026-06-30,-0.76,-0.31472,-141.48,BA,BA,,,,BA
2025-09-30,4.95,4.52334,9.43,CAT,CAT,,,,CAT
2025-12-31,5.16,4.71207,9.51,CAT,CAT,,,,CAT
2026-03-31,5.54,4.64388,19.3,CAT,CAT,,,,CAT
2026-06-30,8.17,6.19742,31.83,CAT,CAT,,,,CAT
2025-09-30,6.95,6.35802,9.31,LMT,LMT,,,,LMT
2025-12-31,5.8,5.74615,0.94,LMT,LMT,,,,LMT
2026-03-31,6.44,6.69318,-3.78,LMT,LMT,,,,LMT
2026-06-30,7.94,7.19921,10.29,LMT,LMT,,,,LMT
2025-09-30,1.7,1.40911,20.64,RTX,RTX,,,,RTX
2025-12-31,1.55,1.47144,5.34,RTX,RTX,,,,RTX
2026-03-31,1.78,1.52205,16.95,RTX,RTX,,,,RTX
2026-06-30,1.89,1.6621,13.71,RTX,RTX,,,,RTX
2025-09-30,1.66,1.46885,13.01,GE,GE,,,,GE
2025-12-31,1.57,1.42976,9.81,GE,GE,,,,GE
2026-03-31,1.86,1.59919,16.31,GE,GE,,,,GE
2026-06-30,2.02,1.85961,8.62,GE,GE,,,,GE
2025-09-30,5.64,5.13341,9.87,HON,HON,,,,HON
2025-12-31,5.18,5.07125,2.14,HON,HON,,,,HON
2026-03-31,4.9,4.64216,5.55,HON,HON,,,,HON
2026-06-30,1.95,1.81873,7.22,HON,HON,,,,HON
2025-09-30,4.24,4.28843,-1.13,FSLR,FSLR,,,,FSLR
2025-12-31,4.84,5.16793,-6.35,FSLR,FSLR,,,,FSLR
2026-03-31,3.22,2.97424,8.26,FSLR,FSLR,,,,FSLR
2026-06-30,3.92,2.87963,36.13,FSLR,FSLR,,,,FSLR
2025-09-30,1.84626,1.74087,6.05,SAP.DE,SAP,,,,SAP.DE
2025-12-31,1.93317,1.72498,12.07,SAP.DE,SAP,,,,SAP.DE
2026-03-31,2.01476,1.91897,4.99,SAP.DE,SAP,,,,SAP.DE
2026-06-30,1.80785,2.00416,-9.8,SAP.DE,SAP,,,,SAP.DE
2025-09-30,0.22,0.21037,4.58,NDX1.DE,NDX1.DE,,,,NDX1.DE
2025-12-31,0.75,0.60212,24.56,NDX1.DE,NDX1.DE,,,,NDX1.DE
2026-03-31,0.22,0.19594,12.28,NDX1.DE,NDX1.DE,,,,NDX1.DE
2026-06-30,0.45,0.42279,6.44,NDX1.DE,NDX1.DE,,,,NDX1.DE
2025-09-30,5.18,4.16154,24.47,ARGX.BR,ARGX,,,,ARGX.BR
2025-12-31,8.02,6.11077,31.24,ARGX.BR,ARGX,,,,ARGX.BR
2026-03-31,5.52,4.92333,12.12,ARGX.BR,ARGX,,,,ARGX.BR
2026-06-30,7.32,6.19467,18.17,ARGX.BR,ARGX,,,,ARGX.BR
2025-09-30,0.68,0.68541,-0.79,SHL.DE,SHL.DE,,,,SHL.DE
2025-12-31,0.49,0.44087,11.14,SHL.DE,SHL.DE,,,,SHL.DE
2026-03-31,0.53,0.50595,4.75,SHL.DE,SHL.DE,,,,SHL.DE
2026-06-30,0.7,0.52587,33.11,SHL.DE,SHL.DE,,,,SHL.DE
2025-06-30,-0.06,0.06,-200.0,COK.DE,COK.DE,,,,COK.DE
2025-09-30,,0.3,,COK.DE,COK.DE,,,,COK.DE
2025-12-31,0.5969,0.32,86.53,COK.DE,COK.DE,,,,COK.DE
2026-03-31,0.26,0.22,18.18,COK.DE,COK.DE,,,,COK.DE
2025-09-30,5.49,5.37491,2.14,ASML.AS,ASML.AS,,,,ASML.AS
2025-12-31,7.34,7.54521,-2.72,ASML.AS,ASML.AS,,,,ASML.AS
2026-03-31,7.15,6.621,7.99,ASML.AS,ASML.AS,,,,ASML.AS
2026-06-30,7.58,6.8954,9.93,ASML.AS,ASML.AS,,,,ASML.AS
