ticker,earnings_date,surprise_pct,revenue_surprise_pct,same_day_return,predicted_return,reaction_gap,underreaction_flag,rev_beat,volume_confirmed,pead_setup_quality,direction,entry_date,sector,drift_window_days,drift_21d,drift_63d,outcome_label_correct,screened_at,regime_risk,regime_growth,regime_composite
INTC,2025-09-30,3121.29,,-2.697,1.563,4.26,True,False,False,Medium,bullish,2025-10-02,Technology,45,7.212,5.576,True,2026-05-08T11:14:46.814498,,,
BA,2025-12-31,2447.98,,-0.632,-0.323,0.309,False,False,False,Low,bullish,2026-01-05,Industrials,30,3.428,-7.947,True,2026-05-08T11:14:56.391496,,,
INTC,2026-03-31,2108.68,,7.138,1.057,-6.081,False,False,True,Low,bullish,2026-04-02,Technology,45,90.115,,True,2026-05-08T11:14:46.997071,,,
UBER,2025-09-30,353.17,,-1.607,-1.429,0.178,False,False,False,Low,bullish,2025-10-02,Technology,45,-0.114,-14.232,False,2026-05-08T11:14:48.761170,,,
BA,2025-09-30,-214.44,,-0.576,0.742,1.318,False,,False,Low,bearish,2025-10-02,Industrials,30,-7.547,4.756,True,2026-05-08T11:14:56.293826,,,
INTC,2025-06-30,-1280.64,,-1.278,-0.638,0.64,False,,False,Low,bearish,2025-07-02,Technology,45,-11.746,64.26,True,2026-05-08T11:14:46.726043,,,
ATAI,2025-12-31,-1441.61,,2.764,2.916,0.152,False,,False,Low,bearish,2026-01-05,Healthcare,30,-6.718,-2.067,True,2026-05-08T11:14:46.299632,,,
SPOT,2025-09-30,53.63,,-4.183,-0.675,3.508,True,False,False,Medium,bullish,2025-10-02,Communication,30,-7.349,-18.705,False,2026-05-08T11:29:49.658042,,,
PFE,2025-06-30,35.94,,0.207,3.222,3.015,True,False,False,Medium,bullish,2025-07-02,Healthcare,30,-5.627,9.319,False,2026-05-08T11:29:52.146159,,,
PYPL,2025-09-30,11.14,,-3.76,-1.053,2.707,True,False,False,Medium,bullish,2025-10-02,Financials,21,0.493,-15.459,True,2026-05-08T11:29:49.408543,,,
TSLA,2025-12-31,10.96,,-1.036,1.382,2.418,True,False,False,Medium,bullish,2026-01-05,Technology,45,-10.109,-23.251,False,2026-05-08T11:29:46.630441,,,
GS,2025-09-30,10.49,,-0.966,2.075,3.041,True,False,False,Medium,bullish,2025-10-02,Financials,21,1.282,17.898,True,2026-05-08T11:29:50.856634,,,
CAT,2025-12-31,9.51,,-0.783,2.042,2.825,True,False,False,Medium,bullish,2026-01-05,Industrials,30,12.553,17.86,True,2026-05-08T11:29:55.496743,,,
META,2025-12-31,8.0,,-0.88,1.637,2.517,True,False,False,Medium,bullish,2026-01-05,Communication,30,1.548,-12.636,True,2026-05-08T11:29:46.367012,,,
AMAT,2025-07-31,5.13,,-4.926,-0.48,4.446,True,False,False,Medium,bullish,2025-08-04,Technology,45,-14.288,27.868,False,2026-05-08T11:29:47.710572,,,
NKE,2025-08-31,84.49,,-3.482,-2.999,0.483,False,False,False,Low,bullish,2025-09-04,Consumer Staples,21,-4.539,-12.317,False,2026-05-08T11:29:54.634171,,,
INTC,2025-12-31,81.51,,-1.072,,,False,False,False,Low,bullish,2026-01-05,Technology,45,23.444,34.392,True,2026-05-08T11:29:47.554741,,,
SPOT,2025-12-31,55.84,,0.699,-0.682,-1.381,False,False,False,Low,bullish,2026-01-05,Communication,30,-25.76,-18.573,False,2026-05-08T11:29:49.731046,,,
NKE,2025-11-30,41.9,,1.822,-0.205,-2.027,False,False,False,Low,bullish,2025-12-03,Consumer Staples,21,-1.706,-12.584,False,2026-05-08T11:29:54.711871,,,
ORCL,2025-11-30,38.04,,-0.5,-0.219,0.281,False,False,False,Low,bullish,2025-12-03,Technology,45,-7.288,-26.171,False,2026-05-08T11:29:48.588800,,,
PFE,2025-09-30,37.43,,6.834,3.373,-3.461,False,False,False,Low,bullish,2025-10-02,Healthcare,30,-8.973,-5.379,False,2026-05-08T11:29:52.216243,,,
MS,2025-09-30,32.63,,-1.365,-0.733,0.632,False,False,False,Low,bullish,2025-10-02,Financials,21,6.245,17.841,True,2026-05-08T11:29:51.207887,,,
SNOW,2025-07-31,31.35,,1.462,1.079,-0.383,False,False,False,Low,bullish,2025-08-04,Technology,45,10.001,31.85,True,2026-05-08T11:29:48.929204,,,
GOOGL,2025-09-30,26.88,,-0.389,0.379,0.768,False,False,False,Low,bullish,2025-10-02,Communication,30,14.449,28.355,True,2026-05-08T11:29:45.926257,,,
AMZN,2025-06-30,26.13,,-1.751,-0.263,1.488,False,False,False,Low,bullish,2025-07-02,Technology,45,-2.351,0.323,False,2026-05-08T11:29:45.488605,,,
AMZN,2025-09-30,25.2,,-1.17,-0.33,0.84,False,False,False,Low,bullish,2025-10-02,Technology,45,9.806,1.839,True,2026-05-08T11:29:45.567503,,,
CRM,2026-01-31,24.85,,-0.697,-0.074,0.623,False,False,False,Low,bullish,2026-02-04,Technology,45,1.339,-8.923,True,2026-05-08T11:29:46.890947,,,
SHOP,2025-06-30,22.15,,1.496,,,False,False,False,Low,bullish,2025-07-02,Technology,45,3.337,30.322,True,2026-05-08T11:29:49.891543,,,
META,2025-06-30,20.96,,0.608,2.216,1.608,False,False,False,Low,bullish,2025-07-02,Communication,30,5.107,0.596,True,2026-05-08T11:29:46.203872,,,
RTX,2025-09-30,20.64,,2.261,2.943,0.682,False,False,False,Low,bullish,2025-10-02,Industrials,30,7.124,12.819,True,2026-05-08T11:29:56.065362,,,
MU,2025-11-30,20.58,,1.683,1.327,-0.356,False,False,False,Low,bullish,2025-12-03,Technology,45,33.36,58.204,True,2026-05-08T11:29:48.114073,,,
GS,2025-12-31,20.22,,-0.613,-0.908,-0.295,False,False,False,Low,bullish,2026-01-05,Financials,21,-3.705,-8.408,False,2026-05-08T11:29:50.929577,,,
MU,2025-05-31,19.75,,3.938,1.31,-2.628,False,False,False,Low,bullish,2025-06-04,Technology,45,16.255,20.413,True,2026-05-08T11:29:47.949486,,,
LLY,2025-09-30,19.15,,5.023,2.902,-2.121,False,False,False,Low,bullish,2025-10-02,Healthcare,30,5.246,31.969,True,2026-05-08T11:29:52.512923,,,
SNOW,2026-01-31,17.78,,-1.048,0.256,1.304,False,False,False,Low,bullish,2026-02-04,Technology,45,9.19,-15.458,True,2026-05-08T11:29:49.071437,,,
PFE,2025-12-31,16.18,,-0.36,1.22,1.58,False,False,False,Low,bullish,2026-01-05,Healthcare,30,8.179,9.471,True,2026-05-08T11:29:52.299245,,,
AMD,2025-12-31,15.98,,-0.548,0.655,1.203,False,False,False,Low,bullish,2026-01-05,Technology,45,-9.449,0.204,False,2026-05-08T11:29:47.333565,,,
GE,2025-06-30,15.97,,1.132,2.764,1.632,False,False,False,Low,bullish,2025-07-02,Industrials,30,10.224,23.264,True,2026-05-08T11:29:56.383217,,,
GILD,2025-09-30,15.68,,-1.438,-0.894,0.544,False,False,False,Low,bullish,2025-10-02,Healthcare,30,8.348,10.712,True,2026-05-08T11:29:53.602105,,,
NOW,2025-06-30,14.63,,0.554,-0.746,-1.3,False,False,False,Low,bullish,2025-07-02,Technology,45,-9.447,-9.639,False,2026-05-08T11:29:48.764108,,,
AMGN,2025-06-30,14.08,,0.751,1.198,0.447,False,False,False,Low,bullish,2025-07-02,Healthcare,30,0.01,1.372,True,2026-05-08T11:29:53.188736,,,
CRM,2025-10-31,13.55,,1.465,-0.285,-1.75,False,False,False,Low,bullish,2025-11-04,Technology,45,-2.743,-25.217,False,2026-05-08T11:29:46.808702,,,
NKE,2025-05-31,13.48,,2.293,1.66,-0.633,False,False,False,Low,bullish,2025-06-04,Consumer Staples,21,21.921,20.665,True,2026-05-08T11:29:54.560303,,,
GE,2025-09-30,13.01,,2.449,1.136,-1.313,False,False,False,Low,bullish,2025-10-02,Industrials,30,3.172,7.236,True,2026-05-08T11:29:56.458216,,,
NOW,2025-09-30,13.0,,-2.186,-0.729,1.457,False,False,False,Low,bullish,2025-10-02,Technology,45,1.009,-18.992,True,2026-05-08T11:29:48.835822,,,
GS,2025-06-30,12.91,,2.452,1.333,-1.119,False,False,False,Low,bullish,2025-07-02,Financials,21,-0.883,10.312,False,2026-05-08T11:29:50.783325,,,
LLY,2025-06-30,12.89,,0.526,1.065,0.539,False,False,False,Low,bullish,2025-07-02,Healthcare,30,-2.175,6.153,False,2026-05-08T11:29:52.439628,,,
MSF.DE,2025-09-30,12.73,,0.0,0.066,0.066,False,False,False,Low,bullish,2025-10-02,Technology,45,2.628,-7.467,True,2026-05-08T11:29:45.217237,,,
SNOW,2025-10-31,12.49,,1.364,-0.066,-1.43,False,False,False,Low,bullish,2025-11-04,Technology,45,-11.548,-40.958,False,2026-05-08T11:29:49.002190,,,
AMGN,2025-09-30,12.47,,3.004,1.093,-1.911,False,False,False,Low,bullish,2025-10-02,Healthcare,30,0.346,10.954,True,2026-05-08T11:29:53.332778,,,
MA,2025-12-31,12.26,,-1.133,-0.874,0.259,False,False,False,Low,bullish,2026-01-05,Financials,21,-2.501,-12.231,False,2026-05-08T11:29:50.202442,,,
SAP.DE,2025-12-31,12.07,,-3.072,-2.981,0.091,False,False,False,Low,bullish,2026-01-06,Technology,45,-17.248,-28.127,False,2026-05-08T11:29:57.104917,,,
BAC,2025-09-30,12.04,,-1.583,0.323,1.906,False,False,False,Low,bullish,2025-10-02,Financials,21,5.884,11.412,True,2026-05-08T11:29:50.578574,,,
AMGN,2025-12-31,11.94,,-0.42,1.058,1.478,False,False,False,Low,bullish,2026-01-05,Healthcare,30,14.181,6.746,True,2026-05-08T11:29:53.406749,,,
JPM,2025-06-30,10.89,,0.975,2.089,1.114,False,False,False,Low,bullish,2025-07-02,Financials,21,-0.423,6.92,False,2026-05-08T11:29:50.354640,,,
APC.DE,2025-06-30,10.12,,-1.069,-1.167,-0.098,False,False,False,Low,bullish,2025-07-02,Technology,45,1.356,20.286,True,2026-05-08T11:29:44.938701,,,
HON,2025-09-30,9.87,,0.583,0.958,0.375,False,False,False,Low,bullish,2025-10-02,Industrials,30,1.233,-0.918,True,2026-05-08T11:29:56.822411,,,
MRK,2025-09-30,9.85,,6.808,2.982,-3.826,False,False,False,Low,bullish,2025-10-02,Healthcare,30,-3.944,19.942,False,2026-05-08T11:29:52.957303,,,
GE,2025-12-31,9.81,,-1.206,-0.624,0.582,False,False,False,Low,bullish,2026-01-05,Industrials,30,-4.927,-10.884,False,2026-05-08T11:29:56.532911,,,
RTX,2025-06-30,9.47,,0.94,0.784,-0.156,False,False,False,Low,bullish,2025-07-02,Industrials,30,8.504,16.203,True,2026-05-08T11:29:55.989369,,,
CAT,2025-09-30,9.43,,1.175,2.026,0.851,False,False,False,Low,bullish,2025-10-02,Industrials,30,18.009,22.333,True,2026-05-08T11:29:55.414539,,,
MS,2025-12-31,9.41,,-0.866,0.927,1.793,False,False,False,Low,bullish,2026-01-05,Financials,21,-2.931,-9.211,False,2026-05-08T11:29:51.291374,,,
LMT,2025-09-30,9.31,,1.47,0.511,-0.959,False,False,False,Low,bullish,2025-10-02,Industrials,30,-1.498,0.297,False,2026-05-08T11:29:55.818500,,,
LLY,2025-12-31,9.14,,-0.47,-0.035,0.435,False,False,False,Low,bullish,2026-01-05,Healthcare,30,6.3,-10.453,True,2026-05-08T11:29:52.584388,,,
BRK-B,2025-09-30,9.0,,0.699,0.776,0.077,False,False,False,Low,bullish,2025-10-02,Financials,21,-3.706,0.188,False,2026-05-08T11:29:51.471839,,,
MS,2025-06-30,8.59,,0.121,0.986,0.865,False,False,False,Low,bullish,2025-07-02,Financials,21,-1.963,10.584,False,2026-05-08T11:29:51.128947,,,
MSF.DE,2025-06-30,8.09,,-0.27,-0.677,-0.407,False,False,False,Low,bullish,2025-07-02,Technology,45,12.202,4.974,True,2026-05-08T11:29:45.124518,,,
PYPL,2025-06-30,8.0,,0.923,-0.87,-1.793,False,False,False,Low,bullish,2025-07-02,Financials,21,-12.056,-12.646,False,2026-05-08T11:29:49.333268,,,
AMAT,2026-01-31,7.89,,1.886,0.254,-1.632,False,False,False,Low,bullish,2026-02-04,Technology,45,9.256,44.205,True,2026-05-08T11:29:47.812388,,,
HD,2026-01-31,7.8,,0.942,0.806,-0.136,False,False,False,Low,bullish,2026-02-04,Consumer Staples,21,-7.562,-16.01,False,2026-05-08T11:29:54.285998,,,
GOOGL,2025-12-31,7.01,,-0.271,-1.028,-0.757,False,False,False,Low,bullish,2026-01-05,Communication,30,5.213,-3.432,True,2026-05-08T11:29:46.022195,,,
APC.DE,2025-12-31,6.34,,-0.817,-0.517,0.3,False,False,False,Low,bullish,2026-01-06,Technology,45,4.314,-4.698,True,2026-05-08T11:29:45.015984,,,
SAP.DE,2025-09-30,6.05,,0.0,-0.437,-0.437,False,False,False,Low,bullish,2025-10-02,Technology,45,-3.296,-12.947,False,2026-05-08T11:29:57.031735,,,
MU,2025-08-31,5.94,,-0.445,1.017,1.462,False,False,False,Low,bullish,2025-09-04,Technology,45,51.314,88.638,True,2026-05-08T11:29:48.029327,,,
TXN,2025-06-30,5.81,,0.261,0.797,0.536,False,False,False,Low,bullish,2025-07-02,Technology,45,-15.503,-15.723,False,2026-05-08T11:29:48.396878,,,
MSF.DE,2025-12-31,5.69,,-2.492,-1.061,1.431,False,False,False,Low,bullish,2026-01-06,Technology,45,-12.757,-20.984,False,2026-05-08T11:29:45.294545,,,
GOOGL,2025-06-30,5.67,,-1.288,-1.123,0.165,False,False,False,Low,bullish,2025-07-02,Communication,30,5.872,37.214,True,2026-05-08T11:29:45.845384,,,
RTX,2025-12-31,5.34,,-0.331,-0.014,0.317,False,False,False,Low,bullish,2026-01-05,Industrials,30,4.504,5.48,True,2026-05-08T11:29:56.138479,,,
NVDA,2026-01-31,5.32,,-2.888,-0.984,1.904,False,False,False,Low,bullish,2026-02-04,Technology,45,2.084,19.319,True,2026-05-08T11:29:45.754339,,,
KO,2025-09-30,5.32,,0.424,0.132,-0.292,False,False,False,Low,bullish,2025-10-02,Consumer Staples,21,4.236,5.303,True,2026-05-08T11:29:53.887604,,,
COST,2025-11-30,5.21,,-0.178,-0.065,0.113,False,False,False,Low,bullish,2025-12-03,Consumer Staples,21,-5.044,8.371,False,2026-05-08T11:29:54.424576,,,
AXP,2025-06-30,5.09,,0.564,0.026,-0.538,False,False,False,Low,bullish,2025-07-02,Financials,21,-9.397,1.161,False,2026-05-08T11:29:51.699521,,,
MRK,2025-06-30,5.04,,0.076,1.064,0.988,False,False,False,Low,bullish,2025-07-02,Healthcare,30,-3.763,10.475,False,2026-05-08T11:29:52.854723,,,
SHOP,2025-12-31,-5.71,,-1.692,,,False,,False,Low,bearish,2026-01-05,Technology,45,-31.4,-29.571,True,2026-05-08T11:29:49.968878,,,
SBUX,2025-09-30,-6.51,,-1.214,-0.101,1.113,False,,False,Low,bearish,2025-10-02,Consumer Staples,21,-6.746,-2.472,True,2026-05-08T11:29:54.987552,,,
WMT,2025-07-31,-7.97,,0.4,0.781,0.381,False,,False,Low,bearish,2025-08-04,Consumer Staples,21,0.083,1.834,False,2026-05-08T11:29:54.132666,,,
UNH,2025-06-30,-8.23,,0.925,-0.186,-1.111,False,,False,Low,bearish,2025-07-02,Healthcare,30,-22.692,13.961,True,2026-05-08T11:29:51.912842,,,
BRK-B,2025-12-31,-8.48,,-0.21,-0.227,-0.017,False,,False,Low,bearish,2026-01-05,Financials,21,1.065,-4.1,False,2026-05-08T11:29:51.545862,,,
TSLA,2025-09-30,-10.53,,0.341,-1.328,-1.669,False,,False,Low,bearish,2025-10-02,Technology,45,4.716,0.475,False,2026-05-08T11:29:46.550481,,,
NFLX,2025-09-30,-15.79,,-0.621,-0.239,0.382,False,,False,Low,bearish,2025-10-02,Communication,30,-3.756,-21.731,True,2026-05-08T11:29:47.026482,,,
ATAI,2025-06-30,-18.31,,-0.455,,,False,,False,Low,bearish,2025-07-02,Healthcare,30,51.636,89.091,False,2026-05-08T11:29:47.118444,,,
SBUX,2025-06-30,-22.49,,-0.521,-1.839,-1.318,False,,False,Low,bearish,2025-07-02,Consumer Staples,21,-7.772,-9.793,True,2026-05-08T11:29:54.912222,,,
LMT,2025-06-30,-77.59,,0.992,0.911,-0.081,False,,False,Low,bearish,2025-07-02,Industrials,30,-8.981,8.667,True,2026-05-08T11:29:55.752178,,,
UBER,2025-12-31,-81.94,,-0.499,,,False,,False,Low,bearish,2026-01-05,Technology,45,-8.447,-11.159,True,2026-05-08T11:29:49.164698,,,
META,2025-09-30,-84.34,,-1.213,-2.491,-1.278,False,,False,Low,bearish,2025-10-02,Communication,30,-10.825,-10.468,True,2026-05-08T11:29:46.286033,,,
SPOT,2025-06-30,-120.78,,-0.681,-0.152,0.529,False,,False,Low,bearish,2025-07-02,Communication,30,-11.607,-1.243,True,2026-05-08T11:29:49.582357,,,
ATAI,2025-09-30,-125.28,,-2.936,,,False,,False,Low,bearish,2025-10-02,Healthcare,30,13.619,-24.708,False,2026-05-08T11:29:47.200014,,,
NKE,2026-02-28,24.27,,-1.23,0.952,2.182,True,False,False,Medium,bullish,2026-03-04,Consumer Staples,21,-24.642,,False,2026-05-11T21:04:31.828654,Neutral,Expansion,Neutral_Neutral_Expansion
MRK,2026-03-31,13.15,,1.854,4.297,2.443,True,False,False,Medium,bullish,2026-04-02,Healthcare,30,-6.42,,False,2026-05-11T21:04:31.191335,Neutral,Slowdown,Neutral_Neutral_Slowdown
GOOGL,2026-03-31,91.59,,5.141,4.96,-0.181,False,False,True,Low,bullish,2026-04-02,Communication,30,29.577,,True,2026-05-11T21:04:28.822356,Neutral,Slowdown,Neutral_Neutral_Slowdown
BA,2026-03-31,70.26,,5.19,,,False,False,True,Low,bullish,2026-04-02,Industrials,30,6.282,,True,2026-05-11T21:04:32.116471,Neutral,Slowdown,Neutral_Neutral_Slowdown
AMZN,2026-03-31,68.18,,3.643,2.752,-0.891,False,False,True,Low,bullish,2026-04-02,Technology,45,29.69,,True,2026-05-11T21:04:28.740781,Neutral,Slowdown,Neutral_Neutral_Slowdown
META,2026-03-31,56.79,,6.665,3.818,-2.847,False,False,True,Low,bullish,2026-04-02,Communication,30,6.258,,True,2026-05-11T21:04:28.912917,Neutral,Slowdown,Neutral_Neutral_Slowdown
MU,2026-02-28,33.21,,0.073,1.595,1.522,False,False,False,Low,bullish,2026-03-04,Technology,45,-8.578,,False,2026-05-11T21:04:29.300526,Neutral,Expansion,Neutral_Neutral_Expansion
LLY,2026-03-31,25.9,,3.738,4.883,1.145,False,False,False,Low,bullish,2026-04-02,Healthcare,30,3.458,,True,2026-05-11T21:04:31.002829,Neutral,Slowdown,Neutral_Neutral_Slowdown
TXN,2026-03-31,22.76,,4.141,4.024,-0.117,False,False,True,Low,bullish,2026-04-02,Technology,45,44.142,,True,2026-05-11T21:04:29.446637,Neutral,Slowdown,Neutral_Neutral_Slowdown
CAT,2026-03-31,19.3,,6.147,4.038,-2.109,False,False,False,Low,bullish,2026-04-02,Industrials,30,22.2,,True,2026-05-11T21:04:32.326901,Neutral,Slowdown,Neutral_Neutral_Slowdown
SPOT,2026-03-31,17.99,,2.086,-0.569,-2.655,False,False,False,Low,bullish,2026-04-02,Communication,30,-10.371,,False,2026-05-11T21:04:29.795784,Neutral,Slowdown,Neutral_Neutral_Slowdown
TSLA,2026-03-31,17.15,,4.636,2.163,-2.473,False,False,False,Low,bullish,2026-04-02,Technology,45,8.852,,True,2026-05-11T21:04:28.996690,Neutral,Slowdown,Neutral_Neutral_Slowdown
RTX,2026-03-31,16.95,,3.072,2.23,-0.842,False,False,False,Low,bullish,2026-04-02,Industrials,30,-11.88,,False,2026-05-11T21:04:32.492257,Neutral,Slowdown,Neutral_Neutral_Slowdown
GE,2026-03-31,16.31,,3.85,2.951,-0.899,False,False,False,Low,bullish,2026-04-02,Industrials,30,-0.228,,False,2026-05-11T21:04:32.654952,Neutral,Slowdown,Neutral_Neutral_Slowdown
SBUX,2026-03-31,14.51,,3.309,2.186,-1.123,False,False,True,Low,bullish,2026-04-02,Consumer Staples,21,16.156,,True,2026-05-11T21:04:31.945190,Neutral,Slowdown,Neutral_Neutral_Slowdown
MS,2026-03-31,13.66,,3.915,0.623,-3.292,False,False,True,Low,bullish,2026-04-02,Financials,21,13.998,,True,2026-05-11T21:04:30.503249,Neutral,Slowdown,Neutral_Neutral_Slowdown
NDX1.DE,2026-03-31,12.28,,4.306,,,False,False,False,Low,bullish,2026-04-02,Energy,14,5.309,,True,2026-05-11T21:04:33.097473,Neutral,Slowdown,Neutral_Neutral_Slowdown
UNH,2026-03-31,9.52,,3.361,1.871,-1.49,False,False,False,Low,bullish,2026-04-02,Healthcare,30,33.719,,True,2026-05-11T21:04:30.837001,Neutral,Slowdown,Neutral_Neutral_Slowdown
BAC,2026-03-31,8.78,,3.218,0.362,-2.856,False,False,False,Low,bullish,2026-04-02,Financials,21,5.691,,True,2026-05-11T21:04:30.251725,Neutral,Slowdown,Neutral_Neutral_Slowdown
SHOP,2026-03-31,8.56,,6.129,,,False,False,True,Low,bullish,2026-04-02,Technology,45,7.865,,True,2026-05-11T21:04:29.873323,Neutral,Slowdown,Neutral_Neutral_Slowdown
FSLR,2026-03-31,8.26,,6.8,,,False,False,True,Low,bullish,2026-04-02,Energy,14,8.228,,True,2026-05-11T21:04:33.015602,Neutral,Slowdown,Neutral_Neutral_Slowdown
AMGN,2026-03-31,8.04,,0.817,0.802,-0.015,False,False,True,Low,bullish,2026-04-02,Healthcare,30,-6.924,,False,2026-05-11T21:04:31.293034,Neutral,Slowdown,Neutral_Neutral_Slowdown
ASML.AS,2026-03-31,7.99,,0.647,,,False,False,True,Low,bullish,2026-04-02,Technology,45,12.652,,True,2026-05-11T21:04:33.244388,Neutral,Slowdown,Neutral_Neutral_Slowdown
JPM,2026-03-31,7.78,,3.661,1.592,-2.069,False,False,False,Low,bullish,2026-04-02,Financials,21,4.964,,True,2026-05-11T21:04:30.110381,Neutral,Slowdown,Neutral_Neutral_Slowdown
AXP,2026-03-31,7.18,,1.677,0.824,-0.853,False,False,False,Low,bullish,2026-04-02,Financials,21,6.34,,True,2026-05-11T21:04:30.692077,Neutral,Slowdown,Neutral_Neutral_Slowdown
GS,2026-03-31,7.06,,4.754,3.127,-1.627,False,False,True,Low,bullish,2026-04-02,Financials,21,4.661,,True,2026-05-11T21:04:30.378204,Neutral,Slowdown,Neutral_Neutral_Slowdown
V,2026-03-31,6.79,,0.901,1.44,0.539,False,False,False,Low,bullish,2026-04-02,Financials,21,8.66,,True,2026-05-11T21:04:29.981017,Neutral,Slowdown,Neutral_Neutral_Slowdown
GILD,2026-03-31,6.24,,2.222,0.228,-1.994,False,False,True,Low,bullish,2026-04-02,Healthcare,30,-5.025,,False,2026-05-11T21:04:31.383487,Neutral,Slowdown,Neutral_Neutral_Slowdown
KO,2026-03-31,5.88,,-0.288,0.136,0.424,False,False,False,Low,bullish,2026-04-02,Consumer Staples,21,1.916,,True,2026-05-11T21:04:31.710078,Neutral,Slowdown,Neutral_Neutral_Slowdown
AMD,2026-03-31,5.82,,3.77,0.539,-3.231,False,False,False,Low,bullish,2026-04-02,Technology,45,57.03,,True,2026-05-11T21:04:29.148352,Neutral,Slowdown,Neutral_Neutral_Slowdown
ORCL,2026-02-28,5.69,,2.648,0.787,-1.861,False,False,False,Low,bullish,2026-03-04,Technology,45,-3.931,,False,2026-05-11T21:04:29.550301,Neutral,Expansion,Neutral_Neutral_Expansion
PYPL,2026-03-31,5.59,,1.254,-0.73,-1.984,False,False,False,Low,bullish,2026-04-02,Financials,21,11.138,,True,2026-05-11T21:04:29.713505,Neutral,Slowdown,Neutral_Neutral_Slowdown
HON,2026-03-31,5.55,,1.141,0.726,-0.415,False,False,False,Low,bullish,2026-04-02,Industrials,30,-8.655,,False,2026-05-11T21:04:32.936441,Neutral,Slowdown,Neutral_Neutral_Slowdown
MSF.DE,2026-03-31,5.22,,-0.047,-1.137,-1.09,False,False,False,Low,bullish,2026-04-02,Technology,45,9.605,,True,2026-05-11T21:04:28.665774,Neutral,Slowdown,Neutral_Neutral_Slowdown
MSFT,2026-03-31,5.22,,3.123,,,False,False,False,Low,bullish,2026-04-02,Technology,45,10.753,,True,2026-05-11T21:04:29.059866,Neutral,Slowdown,Neutral_Neutral_Slowdown
UBER,2026-03-31,-81.78,,2.889,,,False,,False,Low,bearish,2026-04-02,Technology,45,2.909,,False,2026-05-11T21:04:29.632853,Neutral,Slowdown,Neutral_Neutral_Slowdown
NKE,2026-02-28,24.27,,-1.23,0.952,2.182,True,False,False,Medium,bullish,2026-03-04,Consumer Staples,21,-24.642,,False,2026-05-13T12:47:33.649431,Neutral,Expansion,Neutral_Neutral_Expansion
MRK,2026-03-31,13.15,,1.854,4.297,2.443,True,False,False,Medium,bullish,2026-04-02,Healthcare,30,-6.42,,False,2026-05-13T12:47:33.179057,Neutral,Slowdown,Neutral_Neutral_Slowdown
GOOGL,2026-03-31,91.59,,5.141,4.96,-0.181,False,False,False,Low,bullish,2026-04-02,Communication,30,29.577,,True,2026-05-13T12:47:30.749609,Neutral,Slowdown,Neutral_Neutral_Slowdown
BA,2026-03-31,70.26,,5.19,,,False,False,False,Low,bullish,2026-04-02,Industrials,30,6.282,,True,2026-05-13T12:47:33.892215,Neutral,Slowdown,Neutral_Neutral_Slowdown
AMZN,2026-03-31,68.18,,3.643,2.752,-0.891,False,False,False,Low,bullish,2026-04-02,Technology,45,29.69,,True,2026-05-13T12:47:30.667825,Neutral,Slowdown,Neutral_Neutral_Slowdown
META,2026-03-31,56.79,,6.665,3.818,-2.847,False,False,False,Low,bullish,2026-04-02,Communication,30,6.258,,True,2026-05-13T12:47:30.843583,Neutral,Slowdown,Neutral_Neutral_Slowdown
MU,2026-02-28,33.21,,0.073,1.595,1.522,False,False,False,Low,bullish,2026-03-04,Technology,45,-8.578,,False,2026-05-13T12:47:31.204939,Neutral,Expansion,Neutral_Neutral_Expansion
LLY,2026-03-31,25.9,,3.738,4.883,1.145,False,False,False,Low,bullish,2026-04-02,Healthcare,30,3.458,,True,2026-05-13T12:47:32.976118,Neutral,Slowdown,Neutral_Neutral_Slowdown
TXN,2026-03-31,22.76,,4.141,4.024,-0.117,False,False,False,Low,bullish,2026-04-02,Technology,45,44.142,,True,2026-05-13T12:47:31.440408,Neutral,Slowdown,Neutral_Neutral_Slowdown
CAT,2026-03-31,19.3,,6.147,4.038,-2.109,False,False,False,Low,bullish,2026-04-02,Industrials,30,22.2,,True,2026-05-13T12:47:34.052542,Neutral,Slowdown,Neutral_Neutral_Slowdown
SPOT,2026-03-31,17.99,,2.086,-0.569,-2.655,False,False,False,Low,bullish,2026-04-02,Communication,30,-10.371,,False,2026-05-13T12:47:31.775738,Neutral,Slowdown,Neutral_Neutral_Slowdown
TSLA,2026-03-31,17.15,,4.636,2.163,-2.473,False,False,False,Low,bullish,2026-04-02,Technology,45,8.852,,True,2026-05-13T12:47:30.932905,Neutral,Slowdown,Neutral_Neutral_Slowdown
RTX,2026-03-31,16.95,,3.072,2.23,-0.842,False,False,False,Low,bullish,2026-04-02,Industrials,30,-11.88,,False,2026-05-13T12:47:34.201429,Neutral,Slowdown,Neutral_Neutral_Slowdown
GE,2026-03-31,16.31,,3.85,2.951,-0.899,False,False,False,Low,bullish,2026-04-02,Industrials,30,-0.228,,False,2026-05-13T12:47:34.506135,Neutral,Slowdown,Neutral_Neutral_Slowdown
SBUX,2026-03-31,14.51,,3.309,2.186,-1.123,False,False,False,Low,bullish,2026-04-02,Consumer Staples,21,16.156,,True,2026-05-13T12:47:33.743724,Neutral,Slowdown,Neutral_Neutral_Slowdown
MS,2026-03-31,13.66,,3.915,0.623,-3.292,False,False,False,Low,bullish,2026-04-02,Financials,21,13.998,,True,2026-05-13T12:47:32.465237,Neutral,Slowdown,Neutral_Neutral_Slowdown
NDX1.DE,2026-03-31,12.28,,4.306,,,False,False,True,Low,bullish,2026-04-02,Energy,14,5.309,,True,2026-05-13T12:47:34.877769,Neutral,Slowdown,Neutral_Neutral_Slowdown
ARGX.BR,2026-03-31,11.98,,1.272,,,False,False,False,Low,bullish,2026-04-02,Healthcare,30,6.366,,True,2026-05-13T12:47:34.956147,Neutral,Slowdown,Neutral_Neutral_Slowdown
UNH,2026-03-31,9.52,,3.361,1.871,-1.49,False,False,False,Low,bullish,2026-04-02,Healthcare,30,33.719,,True,2026-05-13T12:47:32.735183,Neutral,Slowdown,Neutral_Neutral_Slowdown
BAC,2026-03-31,8.78,,3.218,0.362,-2.856,False,False,False,Low,bullish,2026-04-02,Financials,21,5.691,,True,2026-05-13T12:47:32.233738,Neutral,Slowdown,Neutral_Neutral_Slowdown
SHOP,2026-03-31,8.56,,6.129,,,False,False,False,Low,bullish,2026-04-02,Technology,45,7.865,,True,2026-05-13T12:47:31.854969,Neutral,Slowdown,Neutral_Neutral_Slowdown
FSLR,2026-03-31,8.26,,6.8,,,False,False,False,Low,bullish,2026-04-02,Energy,14,8.228,,True,2026-05-13T12:47:34.736479,Neutral,Slowdown,Neutral_Neutral_Slowdown
AMGN,2026-03-31,8.04,,0.817,0.802,-0.015,False,False,False,Low,bullish,2026-04-02,Healthcare,30,-6.924,,False,2026-05-13T12:47:33.277851,Neutral,Slowdown,Neutral_Neutral_Slowdown
ASML.AS,2026-03-31,7.99,,0.647,,,False,False,False,Low,bullish,2026-04-02,Technology,45,12.652,,True,2026-05-13T12:47:35.066184,Neutral,Slowdown,Neutral_Neutral_Slowdown
JPM,2026-03-31,7.78,,3.661,1.592,-2.069,False,False,False,Low,bullish,2026-04-02,Financials,21,4.964,,True,2026-05-13T12:47:32.107749,Neutral,Slowdown,Neutral_Neutral_Slowdown
AXP,2026-03-31,7.18,,1.677,0.824,-0.853,False,False,False,Low,bullish,2026-04-02,Financials,21,6.34,,True,2026-05-13T12:47:32.622454,Neutral,Slowdown,Neutral_Neutral_Slowdown
GS,2026-03-31,7.06,,4.754,3.127,-1.627,False,False,False,Low,bullish,2026-04-02,Financials,21,4.661,,True,2026-05-13T12:47:32.345257,Neutral,Slowdown,Neutral_Neutral_Slowdown
V,2026-03-31,6.79,,0.901,1.44,0.539,False,False,False,Low,bullish,2026-04-02,Financials,21,8.66,,True,2026-05-13T12:47:31.977134,Neutral,Slowdown,Neutral_Neutral_Slowdown
GILD,2026-03-31,6.24,,2.222,0.228,-1.994,False,False,False,Low,bullish,2026-04-02,Healthcare,30,-5.025,,False,2026-05-13T12:47:33.374302,Neutral,Slowdown,Neutral_Neutral_Slowdown
KO,2026-03-31,5.88,,-0.288,0.136,0.424,False,False,False,Low,bullish,2026-04-02,Consumer Staples,21,1.916,,True,2026-05-13T12:47:33.539199,Neutral,Slowdown,Neutral_Neutral_Slowdown
AMD,2026-03-31,5.82,,3.77,0.539,-3.231,False,False,False,Low,bullish,2026-04-02,Technology,45,57.03,,True,2026-05-13T12:47:31.088166,Neutral,Slowdown,Neutral_Neutral_Slowdown
ORCL,2026-02-28,5.69,,2.648,0.787,-1.861,False,False,False,Low,bullish,2026-03-04,Technology,45,-3.931,,False,2026-05-13T12:47:31.542121,Neutral,Expansion,Neutral_Neutral_Expansion
PYPL,2026-03-31,5.59,,1.254,-0.73,-1.984,False,False,False,Low,bullish,2026-04-02,Financials,21,11.138,,True,2026-05-13T12:47:31.701954,Neutral,Slowdown,Neutral_Neutral_Slowdown
HON,2026-03-31,5.55,,1.141,0.726,-0.415,False,False,False,Low,bullish,2026-04-02,Industrials,30,-8.655,,False,2026-05-13T12:47:34.652398,Neutral,Slowdown,Neutral_Neutral_Slowdown
MSF.DE,2026-03-31,5.22,,-0.047,-1.137,-1.09,False,False,False,Low,bullish,2026-04-02,Technology,45,9.605,,True,2026-05-13T12:47:30.592498,Neutral,Slowdown,Neutral_Neutral_Slowdown
MSFT,2026-03-31,5.22,,3.123,,,False,False,False,Low,bullish,2026-04-02,Technology,45,10.753,,True,2026-05-13T12:47:31.000853,Neutral,Slowdown,Neutral_Neutral_Slowdown
UBER,2026-03-31,-81.78,,2.889,,,False,,False,Low,bearish,2026-04-02,Technology,45,2.909,,False,2026-05-13T12:47:31.620981,Neutral,Slowdown,Neutral_Neutral_Slowdown
